ESD Number,ESD Name,Fund,Fund Name,Object,Object Name,RemitName,RemitStreet1,RemitCity,RemitState,RemitZipCode,TotalCost
1975,High Desert ESD,113,BEHAVIOR PROGRAMS,310,INSTRUCTIONAL PROF TECH,"GODBEY, GRANT T.  MD/PC",P.O. BOX 503,WILSONVILLE,OR,97070.0,1980.0
1975,High Desert ESD,113,BEHAVIOR PROGRAMS,310,INSTRUCTIONAL PROF TECH,"GODBEY, GRANT T.  MD/PC",P.O. BOX 503,WILSONVILLE,OR,97070.0,2145.0
1975,High Desert ESD,111,SCHOOL IMPROVEMENT,311,INSTRUCTIONAL CONTRACTED SVC,NORTHWEST REGIONAL ESD,5825 NE RAY CIRCLE,HILLSBORO,OR,,10396.2
1975,High Desert ESD,227,OREGON MEXICO PARTNERSHIP,311,INSTRUCTIONAL CONTRACTED SVC,OREGON CHILD DEVELOPMENT COALI,P.O. BOX 2780,WILSONVILLE,OR,97070.0,4821.0
1975,High Desert ESD,229,MIGRANT EDUCATION,311,INSTRUCTIONAL CONTRACTED SVC,OREGON CHILD DEVELOPMENT COALI,P.O. BOX 2780,WILSONVILLE,OR,97070.0,3434.0
1975,High Desert ESD,230,CARL PERKINS TITLE I,311,INSTRUCTIONAL CONTRACTED SVC,BEND LAPINE SCHOOL DISTRICT,520 NW WALL STREET,BEND,OR,97701.0,2002.38
1975,High Desert ESD,230,CARL PERKINS TITLE I,311,INSTRUCTIONAL CONTRACTED SVC,CENTRAL OREGON COMMUNITY COLLEGE,LISA BLOYER,BEND,OR,97701.0,1918.84
1975,High Desert ESD,230,CARL PERKINS TITLE I,311,INSTRUCTIONAL CONTRACTED SVC,HOSTEK.COM,PO BOX 701048,TULSA,OK,74170.0,159.9
1975,High Desert ESD,230,CARL PERKINS TITLE I,311,INSTRUCTIONAL CONTRACTED SVC,BEND LAPINE SCHOOL DISTRICT,520 NW WALL STREET,BEND,OR,97701.0,2002.38
1975,High Desert ESD,230,CARL PERKINS TITLE I,311,INSTRUCTIONAL CONTRACTED SVC,BEND LAPINE SCHOOL DISTRICT,520 NW WALL STREET,BEND,OR,97701.0,2002.38
1975,High Desert ESD,230,CARL PERKINS TITLE I,311,INSTRUCTIONAL CONTRACTED SVC,BEND LAPINE SCHOOL DISTRICT,520 NW WALL STREET,BEND,OR,97701.0,2002.38
1975,High Desert ESD,230,CARL PERKINS TITLE I,311,INSTRUCTIONAL CONTRACTED SVC,BEND LAPINE SCHOOL DISTRICT,520 NW WALL STREET,BEND,OR,97701.0,2002.4
1975,High Desert ESD,252,HONORARIUMS,311,INSTRUCTIONAL CONTRACTED SVC,BEND LAPINE SCHOOL DISTRICT,520 NW WALL STREET,BEND,OR,97701.0,1857.17
1975,High Desert ESD,252,HONORARIUMS,311,INSTRUCTIONAL CONTRACTED SVC,CENTRAL OREGON COMMUNITY COLLEGE,LISA BLOYER,BEND,OR,97701.0,571.25
1975,High Desert ESD,252,HONORARIUMS,311,INSTRUCTIONAL CONTRACTED SVC,CENTRAL OREGON COMMUNITY COLLEGE,LISA BLOYER,BEND,OR,97701.0,2500.0
1975,High Desert ESD,252,HONORARIUMS,311,INSTRUCTIONAL CONTRACTED SVC,CHALKBOARD TEACHOREGON PROJECT,"221 NW 2ND AVE, STE 203",PORTLAND,OR,97209.0,37600.0
1975,High Desert ESD,255,OR MINORITY EDUCATOR PIPELINE GRANT,311,INSTRUCTIONAL CONTRACTED SVC,CENTRAL OREGON COMMUNITY COLLEGE,LISA BLOYER,BEND,OR,97701.0,5000.0
1975,High Desert ESD,255,OR MINORITY EDUCATOR PIPELINE GRANT,311,INSTRUCTIONAL CONTRACTED SVC,OREGON STATE  UNIVERSITY,OFFICE OF POST AWARD ADMINISTRATION,CORVALLIS,OR,,4750.0
1975,High Desert ESD,294,MIGRANT ED -  SUMMER SCHOOL,311,INSTRUCTIONAL CONTRACTED SVC,DESCHUTES COUNTY (RISK MANAGEMENT),"1300 NW WALL, STE 200",BEND,OR,97701.0,180.0
1975,High Desert ESD,100,ADMINISTRATION,312,TUITION REIMBURSEMENT,"ABBOTT, NANCY R",547 NWFLAGINE DR,BEND,OR,97701.0,446.25
1975,High Desert ESD,100,ADMINISTRATION,312,TUITION REIMBURSEMENT,"BEDORTHA, DOYCE",4606 NW 52ND STREET,REDMOND,OR,97756.0,209.25
1975,High Desert ESD,100,ADMINISTRATION,312,TUITION REIMBURSEMENT,"BERGMANN, MONICA R",224 NW BOND ST,BEND,OR,97701.0,262.5
1975,High Desert ESD,100,ADMINISTRATION,312,TUITION REIMBURSEMENT,"HALL, SUZANNE M",19134 PARK COMMONS DR,BEND,OR,97701.0,880.8
1975,High Desert ESD,100,ADMINISTRATION,312,TUITION REIMBURSEMENT,"HALLIWELL-TEMPLIN, CATHERINE",62018 DANTILI RD,BEND,OR,97701.0,1456.0
1975,High Desert ESD,100,ADMINISTRATION,312,TUITION REIMBURSEMENT,"HAYES, SUSAN D",2023 SW TROON,BEND,OR,97702.0,1456.0
1975,High Desert ESD,100,ADMINISTRATION,312,TUITION REIMBURSEMENT,"MADDOX, STEVE",21086 THOMAS DRIVE,BEND,OR,97702.0,18.75
1975,High Desert ESD,111,SCHOOL IMPROVEMENT,312,TUITION REIMBURSEMENT,"BONNER, KIMBERLY",14471 SW ANTELOPE DR,POWELL BUTTE,OR,97753.0,1456.0
1975,High Desert ESD,113,BEHAVIOR PROGRAMS,313,STUDENT SERVICES,"CHELSEA MEUDT, INC","300 SE REED MARKET RD, STE 270",BEND,OR,97702.0,1973.4
1975,High Desert ESD,113,BEHAVIOR PROGRAMS,313,STUDENT SERVICES,"CHELSEA MEUDT, INC","300 SE REED MARKET RD, STE 270",BEND,OR,97702.0,1973.4
1975,High Desert ESD,114,SPECIAL EDUCATION,313,STUDENT SERVICES,BEND LAPINE SCHOOL DISTRICT,520 NW WALL STREET,BEND,OR,97701.0,11382.0
1975,High Desert ESD,114,SPECIAL EDUCATION,313,STUDENT SERVICES,"BEND & BALANCE PED THERAPY SERV, LLC",1130 E CASCADE AVE,SISTERS,OR,97759.0,702.0
1975,High Desert ESD,114,SPECIAL EDUCATION,313,STUDENT SERVICES,"BEND & BALANCE PED THERAPY SERV, LLC",1130 E CASCADE AVE,SISTERS,OR,97759.0,3457.35
1975,High Desert ESD,114,SPECIAL EDUCATION,313,STUDENT SERVICES,"BEND & BALANCE PED THERAPY SERV, LLC",1130 E CASCADE AVE,SISTERS,OR,97759.0,3159.0
1975,High Desert ESD,114,SPECIAL EDUCATION,313,STUDENT SERVICES,BEND LAPINE SCHOOL DISTRICT,520 NW WALL STREET,BEND,OR,97701.0,5211.0
1975,High Desert ESD,114,SPECIAL EDUCATION,313,STUDENT SERVICES,"BEND & BALANCE PED THERAPY SERV, LLC",1130 E CASCADE AVE,SISTERS,OR,97759.0,200.0
1975,High Desert ESD,114,SPECIAL EDUCATION,313,STUDENT SERVICES,"BEND & BALANCE PED THERAPY SERV, LLC",1130 E CASCADE AVE,SISTERS,OR,97759.0,985.0
1975,High Desert ESD,114,SPECIAL EDUCATION,313,STUDENT SERVICES,"BEND & BALANCE PED THERAPY SERV, LLC",1130 E CASCADE AVE,SISTERS,OR,97759.0,900.0
1975,High Desert ESD,245,DISTRICT BILLINGS,313,STUDENT SERVICES,"BEND & BALANCE PED THERAPY SERV, LLC",1130 E CASCADE AVE,SISTERS,OR,97759.0,98.0
1975,High Desert ESD,245,DISTRICT BILLINGS,313,STUDENT SERVICES,"BEND & BALANCE PED THERAPY SERV, LLC",1130 E CASCADE AVE,SISTERS,OR,97759.0,482.65
1975,High Desert ESD,245,DISTRICT BILLINGS,313,STUDENT SERVICES,"BEND & BALANCE PED THERAPY SERV, LLC",1130 E CASCADE AVE,SISTERS,OR,97759.0,441.0
1975,High Desert ESD,284,MAC - ADMINISTRATIVE CLAIMING,313,STUDENT SERVICES,"BEND & BALANCE PED THERAPY SERV, LLC",1130 E CASCADE AVE,SISTERS,OR,97759.0,300.0
1975,High Desert ESD,100,ADMINISTRATION,318,NON-INSTRUCTIONAL STAFF DEVEL,OSBA/OREGON SCHOOL BOARD ASSOC,PO BOX 1068,SALEM,OR,97308.0,370.0
1975,High Desert ESD,100,ADMINISTRATION,318,NON-INSTRUCTIONAL STAFF DEVEL,COSA,707 13TH ST. SE #100,SALEM,OR,97301.0,210.0
1975,High Desert ESD,100,ADMINISTRATION,318,NON-INSTRUCTIONAL STAFF DEVEL,COSA,707 13TH ST. SE #100,SALEM,OR,97301.0,219.0
1975,High Desert ESD,100,ADMINISTRATION,318,NON-INSTRUCTIONAL STAFF DEVEL,COSA,707 13TH ST. SE #100,SALEM,OR,97301.0,179.0
1975,High Desert ESD,100,ADMINISTRATION,318,NON-INSTRUCTIONAL STAFF DEVEL,COSA,707 13TH ST. SE #100,SALEM,OR,97301.0,150.0
1975,High Desert ESD,100,ADMINISTRATION,318,NON-INSTRUCTIONAL STAFF DEVEL,SKILL PATH,P.O. BOX 804441,KANSAS CITY,MO,,99.0
1975,High Desert ESD,100,ADMINISTRATION,318,NON-INSTRUCTIONAL STAFF DEVEL,OASBO,"707 13TH ST SE, SUITE 100",SALEM,OR,97301.0,235.0
1975,High Desert ESD,100,ADMINISTRATION,318,NON-INSTRUCTIONAL STAFF DEVEL,OASBO,"707 13TH ST SE, SUITE 100",SALEM,OR,97301.0,800.0
1975,High Desert ESD,100,ADMINISTRATION,318,NON-INSTRUCTIONAL STAFF DEVEL,OASBO,"707 13TH ST SE, SUITE 100",SALEM,OR,97301.0,2300.0
1975,High Desert ESD,100,ADMINISTRATION,318,NON-INSTRUCTIONAL STAFF DEVEL,AASPA:AMER ASSN SCH PERSONNEL,"11863 112TH ST, SUITE 100",OVERLAND PARK,KS,66210.0,1340.0
1975,High Desert ESD,100,ADMINISTRATION,318,NON-INSTRUCTIONAL STAFF DEVEL,SAFE SCHOOLS,SCENARIO LEARNING,CINCINNATI,OH,45207.0,65.0
1975,High Desert ESD,100,ADMINISTRATION,318,NON-INSTRUCTIONAL STAFF DEVEL,OETC INC,14145 SW GALBREATH DR,SHERWOOD,OR,97140.0,440.0
1975,High Desert ESD,111,SCHOOL IMPROVEMENT,318,NON-INSTRUCTIONAL STAFF DEVEL,COSA,707 13TH ST. SE #100,SALEM,OR,97301.0,219.0
1975,High Desert ESD,113,BEHAVIOR PROGRAMS,318,NON-INSTRUCTIONAL STAFF DEVEL,COSA,707 13TH ST. SE #100,SALEM,OR,97301.0,179.0
1975,High Desert ESD,116,SUBHIRE,318,NON-INSTRUCTIONAL STAFF DEVEL,SAFE SCHOOLS,SCENARIO LEARNING,CINCINNATI,OH,45207.0,188.68
1975,High Desert ESD,208,LEGAL SERVICES CONSORTIUM,318,NON-INSTRUCTIONAL STAFF DEVEL,COSA,707 13TH ST. SE #100,SALEM,OR,97301.0,876.0
1975,High Desert ESD,208,LEGAL SERVICES CONSORTIUM,318,NON-INSTRUCTIONAL STAFF DEVEL,OSBA/OREGON SCHOOL BOARD ASSOC,PO BOX 1068,SALEM,OR,97308.0,500.0
1975,High Desert ESD,217,REGIONAL TECHNOLOGY CONSORTIUM,318,NON-INSTRUCTIONAL STAFF DEVEL,"EDUPOINT ED SYSTEMS, LLC","1955 SOUTH VAL VISTA DR, STE 200",MESA,AZ,85204.0,1250.0
1975,High Desert ESD,217,REGIONAL TECHNOLOGY CONSORTIUM,318,NON-INSTRUCTIONAL STAFF DEVEL,"EDUPOINT ED SYSTEMS, LLC","1955 SOUTH VAL VISTA DR, STE 200",MESA,AZ,85204.0,450.0
1975,High Desert ESD,217,REGIONAL TECHNOLOGY CONSORTIUM,318,NON-INSTRUCTIONAL STAFF DEVEL,"TABLEAU SOFTWARE, INC",LAKE VIEW BLDG,SEATTLE,WA,98103.0,1990.0
1975,High Desert ESD,218,REGIONAL BUSINESS SERVICES,318,NON-INSTRUCTIONAL STAFF DEVEL,OASBO,"707 13TH ST SE, SUITE 100",SALEM,OR,97301.0,235.0
1975,High Desert ESD,601,FACILITIES MAINTENANCE,328,GARBAGE,CITY OF REDMOND,PO BOX 577,REDMOND,OR,97756.0,121.52
1975,High Desert ESD,218,REGIONAL BUSINESS SERVICES,318,NON-INSTRUCTIONAL STAFF DEVEL,OASBO,"707 13TH ST SE, SUITE 100",SALEM,OR,97301.0,200.0
1975,High Desert ESD,230,CARL PERKINS TITLE I,318,NON-INSTRUCTIONAL STAFF DEVEL,NATIONAL CAREER PATHWAYS NETWORK,PO BOX 21689,WACO,TX,,2240.0
1975,High Desert ESD,230,CARL PERKINS TITLE I,318,NON-INSTRUCTIONAL STAFF DEVEL,DOUGLAS ESD,1871 NE STEPHENS STREET,ROSEBURG,OR,97470.0,420.0
1975,High Desert ESD,233,PERKINS RESERVE FUND,318,NON-INSTRUCTIONAL STAFF DEVEL,ACTE,1410 KING ST,ALEXANDRIA,VA,22314.0,1250.0
1975,High Desert ESD,241,PROFESSIONAL DEVELOPMENT,318,NON-INSTRUCTIONAL STAFF DEVEL,CENTRAL OREGON COMMUNITY COLLEGE,LISA BLOYER,BEND,OR,97701.0,139.0
1975,High Desert ESD,241,PROFESSIONAL DEVELOPMENT,318,NON-INSTRUCTIONAL STAFF DEVEL,COSA,707 13TH ST. SE #100,SALEM,OR,97301.0,179.0
1975,High Desert ESD,241,PROFESSIONAL DEVELOPMENT,318,NON-INSTRUCTIONAL STAFF DEVEL,COSA,707 13TH ST. SE #100,SALEM,OR,97301.0,99.0
1975,High Desert ESD,241,PROFESSIONAL DEVELOPMENT,318,NON-INSTRUCTIONAL STAFF DEVEL,"HIGGINS, ANNA M",1227 NE 12TH,BEND,OR,97701.0,60.0
1975,High Desert ESD,241,PROFESSIONAL DEVELOPMENT,318,NON-INSTRUCTIONAL STAFF DEVEL,LINN BENTON LINCOLN ESD,905 4TH AVE SE,ALBANY,OR,97321.0,195.0
1975,High Desert ESD,241,PROFESSIONAL DEVELOPMENT,318,NON-INSTRUCTIONAL STAFF DEVEL,MOUNTAINSTAR FAMILY RELIEF NURSERY,2125 NE DAGGETT LN,BEND,OR,97701.0,300.0
1975,High Desert ESD,241,PROFESSIONAL DEVELOPMENT,318,NON-INSTRUCTIONAL STAFF DEVEL,"SPACIANO, SAMANTHA M",3056 SW SALMON AVE,REDMOND,OR,97756.0,945.0
1975,High Desert ESD,244,AWARD BILLING FUND,318,NON-INSTRUCTIONAL STAFF DEVEL,COSA,707 13TH ST. SE #100,SALEM,OR,97301.0,179.0
1975,High Desert ESD,245,DISTRICT BILLINGS,318,NON-INSTRUCTIONAL STAFF DEVEL,SAFE SCHOOLS,SCENARIO LEARNING,CINCINNATI,OH,45207.0,6.32
1975,High Desert ESD,253,HONORARIUMS,318,NON-INSTRUCTIONAL STAFF DEVEL,OREGON COLLEGE ACCESS NETWORK,ORCAN,PORTLAND,OR,97219.0,90.0
1975,High Desert ESD,267,COURAGE TO LEAD,318,NON-INSTRUCTIONAL STAFF DEVEL,CENTRAL OREGON COMMUNITY COLLEGE,LISA BLOYER,BEND,OR,97701.0,75.0
1975,High Desert ESD,284,MAC - ADMINISTRATIVE CLAIMING,318,NON-INSTRUCTIONAL STAFF DEVEL,COSA,707 13TH ST. SE #100,SALEM,OR,97301.0,537.0
1975,High Desert ESD,100,ADMINISTRATION,319,INSTRUCTIONAL STAFF DEVEL,LEWIS & CLARK GRADUATE SCHOOL OF ED,STUDENT DEPT ACCT SERVICES,PORTLAND,OR,97219.0,2912.0
1975,High Desert ESD,111,SCHOOL IMPROVEMENT,319,INSTRUCTIONAL STAFF DEVEL,OREGON SCHOOL PERSONNEL ASSOC(OSPA),707 13TH ST SE SUITE 100,SALEM,OR,97301.0,610.0
1975,High Desert ESD,111,SCHOOL IMPROVEMENT,319,INSTRUCTIONAL STAFF DEVEL,OREGON SCHOOL PERSONNEL ASSOC(OSPA),707 13TH ST SE SUITE 100,SALEM,OR,97301.0,610.0
1975,High Desert ESD,111,SCHOOL IMPROVEMENT,319,INSTRUCTIONAL STAFF DEVEL,CPI INTERNATIONAL ASSOC,"10850 W PARK PL, STE 600",MILWAUKEE,WI,53224.0,2011.0
1975,High Desert ESD,113,BEHAVIOR PROGRAMS,319,INSTRUCTIONAL STAFF DEVEL,"ST CHARLES HEALTH SYSTEM, INC",PO BOX 5756,BEND,OR,97708.0,25.0
1975,High Desert ESD,114,SPECIAL EDUCATION,319,INSTRUCTIONAL STAFF DEVEL,"ST CHARLES HEALTH SYSTEM, INC",PO BOX 5756,BEND,OR,97708.0,25.0
1975,High Desert ESD,230,CARL PERKINS TITLE I,319,INSTRUCTIONAL STAFF DEVEL,NAEYC,"C/O COMPUSYSTEMS, INC",BROADVILLE,IL,60155.0,530.0
1975,High Desert ESD,230,CARL PERKINS TITLE I,319,INSTRUCTIONAL STAFF DEVEL,"BOLDENOW, RON",61962 RAWHIDE DR,BEND,OR,97702.0,450.0
1975,High Desert ESD,230,CARL PERKINS TITLE I,319,INSTRUCTIONAL STAFF DEVEL,"BUBAK, BRIAN",69349 HINKLE BUTTE DR,SISTERS,OR,97759.0,825.0
1975,High Desert ESD,230,CARL PERKINS TITLE I,319,INSTRUCTIONAL STAFF DEVEL,CHEMEKETA COMMUNITY COLLEGE,PO BOX 14007,SALEM,OR,,500.0
1975,High Desert ESD,230,CARL PERKINS TITLE I,319,INSTRUCTIONAL STAFF DEVEL,"FRANKLIN, REBECCA S",616 NE FRANKLIN AVE,BEND,OR,97701.0,670.0
1975,High Desert ESD,230,CARL PERKINS TITLE I,319,INSTRUCTIONAL STAFF DEVEL,JEFFERSON CO SD 509-J,445 SE BUFF STREET,MADRAS,OR,97741.0,223.46
1975,High Desert ESD,230,CARL PERKINS TITLE I,319,INSTRUCTIONAL STAFF DEVEL,OAEYC,P.O. BOX 1455,TUALATIN,OR,97062.0,250.0
1975,High Desert ESD,230,CARL PERKINS TITLE I,319,INSTRUCTIONAL STAFF DEVEL,PORTLAND COMMUNITY COLLEGE (Automotive),12000 SW 49TH AVE SY AM 210,PORTLAND,OR,97219.0,550.0
1975,High Desert ESD,230,CARL PERKINS TITLE I,319,INSTRUCTIONAL STAFF DEVEL,"YEATMAN, WAYNE",817 NW CANYON DR,REDMOND,OR,97756.0,375.0
1975,High Desert ESD,230,CARL PERKINS TITLE I,319,INSTRUCTIONAL STAFF DEVEL,OVATA,NICHOLE SCHOLZ-TREASRER,MADRAS,OR,97741.0,300.0
1975,High Desert ESD,230,CARL PERKINS TITLE I,319,INSTRUCTIONAL STAFF DEVEL,ACTE,1410 KING ST,ALEXANDRIA,VA,22314.0,1250.0
1975,High Desert ESD,230,CARL PERKINS TITLE I,319,INSTRUCTIONAL STAFF DEVEL,ACTE,1410 KING ST,ALEXANDRIA,VA,22314.0,1250.0
1975,High Desert ESD,230,CARL PERKINS TITLE I,319,INSTRUCTIONAL STAFF DEVEL,ACTE,1410 KING ST,ALEXANDRIA,VA,22314.0,750.0
1975,High Desert ESD,233,PERKINS RESERVE FUND,319,INSTRUCTIONAL STAFF DEVEL,ACTE,1410 KING ST,ALEXANDRIA,VA,22314.0,1400.0
1975,High Desert ESD,233,PERKINS RESERVE FUND,319,INSTRUCTIONAL STAFF DEVEL,ACTE,1410 KING ST,ALEXANDRIA,VA,22314.0,6875.0
1975,High Desert ESD,233,PERKINS RESERVE FUND,319,INSTRUCTIONAL STAFF DEVEL,ACTE,1410 KING ST,ALEXANDRIA,VA,22314.0,3500.0
1975,High Desert ESD,241,PROFESSIONAL DEVELOPMENT,319,INSTRUCTIONAL STAFF DEVEL,BECKMAN ORAL MOTOR,"620 N WYMORE RD, STE 230",MAITLAND,FL,32751.0,450.0
1975,High Desert ESD,241,PROFESSIONAL DEVELOPMENT,319,INSTRUCTIONAL STAFF DEVEL,COSA,707 13TH ST. SE #100,SALEM,OR,97301.0,198.0
1975,High Desert ESD,241,PROFESSIONAL DEVELOPMENT,319,INSTRUCTIONAL STAFF DEVEL,DOUGLAS ESD,1871 NE STEPHENS STREET,ROSEBURG,OR,97470.0,230.0
1975,High Desert ESD,241,PROFESSIONAL DEVELOPMENT,319,INSTRUCTIONAL STAFF DEVEL,"HOLT, ELIZABETH C",3270 NW PEE WEE CT,BEND,OR,97701.0,154.0
1975,High Desert ESD,241,PROFESSIONAL DEVELOPMENT,319,INSTRUCTIONAL STAFF DEVEL,LINN BENTON LINCOLN ESD,905 4TH AVE SE,ALBANY,OR,97321.0,195.0
1975,High Desert ESD,241,PROFESSIONAL DEVELOPMENT,319,INSTRUCTIONAL STAFF DEVEL,LINN BENTON LINCOLN ESD,905 4TH AVE SE,ALBANY,OR,97321.0,65.0
1975,High Desert ESD,241,PROFESSIONAL DEVELOPMENT,319,INSTRUCTIONAL STAFF DEVEL,"SEA, LOUISE",1457 NW LEWIS ST,BEND,OR,97701.0,375.0
1975,High Desert ESD,241,PROFESSIONAL DEVELOPMENT,319,INSTRUCTIONAL STAFF DEVEL,THE CENTER FOUNDATION,"2200 NE NEFF RD, STE 200",BEND,OR,97701.0,1260.0
1975,High Desert ESD,241,PROFESSIONAL DEVELOPMENT,319,INSTRUCTIONAL STAFF DEVEL,"WALLACE, AMANDA R",62921 NASU PL,BEND,OR,97701.0,50.0
1975,High Desert ESD,241,PROFESSIONAL DEVELOPMENT,319,INSTRUCTIONAL STAFF DEVEL,WILLAMETTE ESD,2611 PRINGLE ROAD SE,SALEM,OR,97302.0,75.0
1975,High Desert ESD,241,PROFESSIONAL DEVELOPMENT,319,INSTRUCTIONAL STAFF DEVEL,"PESI, INC.",PO BOX 1000,EAU CLAIRE,WI,,189.99
1975,High Desert ESD,245,DISTRICT BILLINGS,319,INSTRUCTIONAL STAFF DEVEL,CERRA-SC AT WINTHROP UNIV,ATTN: CHARLENE BROWN/STEWART HOUSE,ROCK HILL,SC,29733.0,328.72
1975,High Desert ESD,252,HONORARIUMS,319,INSTRUCTIONAL STAFF DEVEL,CERRA-SC AT WINTHROP UNIV,ATTN: CHARLENE BROWN/STEWART HOUSE,ROCK HILL,SC,29733.0,7885.5
1975,High Desert ESD,253,HONORARIUMS,319,INSTRUCTIONAL STAFF DEVEL,BEND LAPINE SCHOOL DISTRICT,520 NW WALL STREET,BEND,OR,97701.0,500.0
1975,High Desert ESD,253,HONORARIUMS,319,INSTRUCTIONAL STAFF DEVEL,BEND LAPINE SCHOOL DISTRICT,520 NW WALL STREET,BEND,OR,97701.0,4500.0
1975,High Desert ESD,253,HONORARIUMS,319,INSTRUCTIONAL STAFF DEVEL,CROOK COUNTY SCHOOL DISTRICT,471 NE OCHOCO PLAZA DRIVE SUITE A,PRINEVILLE,OR,97754.0,599.0
1975,High Desert ESD,253,HONORARIUMS,319,INSTRUCTIONAL STAFF DEVEL,CROOK COUNTY SCHOOL DISTRICT,471 NE OCHOCO PLAZA DRIVE SUITE A,PRINEVILLE,OR,97754.0,1400.0
1975,High Desert ESD,253,HONORARIUMS,319,INSTRUCTIONAL STAFF DEVEL,JEFFERSON CO SD 509-J,445 SE BUFF STREET,MADRAS,OR,97741.0,750.0
1975,High Desert ESD,253,HONORARIUMS,319,INSTRUCTIONAL STAFF DEVEL,JEFFERSON CO SD 509-J,445 SE BUFF STREET,MADRAS,OR,97741.0,5912.0
1975,High Desert ESD,284,MAC - ADMINISTRATIVE CLAIMING,319,INSTRUCTIONAL STAFF DEVEL,"BARRETT, JILL",69991 W MEADOW PRKWY,SISTERS,OR,97759.0,35.0
1975,High Desert ESD,284,MAC - ADMINISTRATIVE CLAIMING,319,INSTRUCTIONAL STAFF DEVEL,KAIROS,715 SW RAMSEY AVE,GRANTS PASS,OR,97527.0,495.0
1975,High Desert ESD,285,MAC - ADMINISTRATIVE CLAIMING,319,INSTRUCTIONAL STAFF DEVEL,CPI INTERNATIONAL ASSOC,"10850 W PARK PL, STE 600",MILWAUKEE,WI,53224.0,2961.0
1975,High Desert ESD,294,MIGRANT ED -  SUMMER SCHOOL,319,INSTRUCTIONAL STAFF DEVEL,ODTSEA,ATTN: SHARON ROTHACKER,WINSTON,OR,97496.0,99.0
1975,High Desert ESD,228,OREGON MEXICO PARTNERSHIP,321,CLEANING SERVICES,JEFFERSON CO SD 509-J,445 SE BUFF STREET,MADRAS,OR,97741.0,387.15
1975,High Desert ESD,228,OREGON MEXICO PARTNERSHIP,321,CLEANING SERVICES,REDMOND SCHOOL DISTRICT 2J,145 SE SALMON,REDMOND,OR,97756.0,360.0
1975,High Desert ESD,282,MAC - ADMINISTRATIVE CLAIMING,321,CLEANING SERVICES,"RAVITCH, RON L",62875 SANTA CRUZ AVE,BEND,OR,,615.0
1975,High Desert ESD,282,MAC - ADMINISTRATIVE CLAIMING,321,CLEANING SERVICES,"RAVITCH, RON L",62875 SANTA CRUZ AVE,BEND,OR,,405.0
1975,High Desert ESD,282,MAC - ADMINISTRATIVE CLAIMING,321,CLEANING SERVICES,"RAVITCH, RON L",62875 SANTA CRUZ AVE,BEND,OR,,750.0
1975,High Desert ESD,282,MAC - ADMINISTRATIVE CLAIMING,321,CLEANING SERVICES,"RAVITCH, RON L",62875 SANTA CRUZ AVE,BEND,OR,,615.0
1975,High Desert ESD,282,MAC - ADMINISTRATIVE CLAIMING,321,CLEANING SERVICES,"RAVITCH, RON L",62875 SANTA CRUZ AVE,BEND,OR,,205.0
1975,High Desert ESD,282,MAC - ADMINISTRATIVE CLAIMING,321,CLEANING SERVICES,"RAVITCH, RON L",62875 SANTA CRUZ AVE,BEND,OR,,135.0
1975,High Desert ESD,282,MAC - ADMINISTRATIVE CLAIMING,321,CLEANING SERVICES,"RAVITCH, RON L",62875 SANTA CRUZ AVE,BEND,OR,,250.0
1975,High Desert ESD,282,MAC - ADMINISTRATIVE CLAIMING,321,CLEANING SERVICES,"RAVITCH, RON L",62875 SANTA CRUZ AVE,BEND,OR,,205.0
1975,High Desert ESD,601,FACILITIES MAINTENANCE,321,CLEANING SERVICES,CASCADE CARPET CLEANING,156 NE WILLOW AVE,PRINEVILLE,OR,97754.0,269.0
1975,High Desert ESD,601,FACILITIES MAINTENANCE,321,CLEANING SERVICES,J G's PROFESSIONAL CLEANING,JAMES MCDONALD,PRINEVILLE,OR,97754.0,393.67
1975,High Desert ESD,601,FACILITIES MAINTENANCE,321,CLEANING SERVICES,"RELIABLE MAINTAINANCE SERVICE, INC","2660 NE HWY 20, STE 610, BOX 356",BEND,OR,97701.0,1670.0
1975,High Desert ESD,601,FACILITIES MAINTENANCE,321,CLEANING SERVICES,"RELIABLE MAINTAINANCE SERVICE, INC","2660 NE HWY 20, STE 610, BOX 356",BEND,OR,97701.0,560.0
1975,High Desert ESD,118,ADMINISTRATIVE SERVICES,322,REPAIRS & MAINTENANCE SERVICES,GOWDY BROS ELECTRIC INC,PO BOX 459,REDMOND,OR,97756.0,72.12
1975,High Desert ESD,118,ADMINISTRATIVE SERVICES,322,REPAIRS & MAINTENANCE SERVICES,MOUNTAIN VIEW HEATING INC,110 SE 9TH STREET,BEND,OR,97702.0,99.0
1975,High Desert ESD,248,ASSISTIVE TECHNOLOGY,322,REPAIRS & MAINTENANCE SERVICES,CYNTHIA'S SEWING CENTER,20225 BADGER RD,BEND,OR,97702.0,75.0
1975,High Desert ESD,248,ASSISTIVE TECHNOLOGY,322,REPAIRS & MAINTENANCE SERVICES,"IPHONE GUY, THE",CUST#10035,BEND,OR,97701.0,153.0
1975,High Desert ESD,248,ASSISTIVE TECHNOLOGY,322,REPAIRS & MAINTENANCE SERVICES,"IPHONE GUY, THE",CUST#10035,BEND,OR,97701.0,68.0
1975,High Desert ESD,282,MAC - ADMINISTRATIVE CLAIMING,322,REPAIRS & MAINTENANCE SERVICES,"CHEMDRY OF BEND, INC",21620 RICKARD RD,BEND,OR,97702.0,420.61
1975,High Desert ESD,282,MAC - ADMINISTRATIVE CLAIMING,322,REPAIRS & MAINTENANCE SERVICES,"CHEMDRY OF BEND, INC",21620 RICKARD RD,BEND,OR,97702.0,140.21
1975,High Desert ESD,284,MAC - ADMINISTRATIVE CLAIMING,322,REPAIRS & MAINTENANCE SERVICES,PETTY CASH-C.O.R.P.,"LORI LAYTON, CASHIER",-,-,,17.75
1975,High Desert ESD,284,MAC - ADMINISTRATIVE CLAIMING,322,REPAIRS & MAINTENANCE SERVICES,"CAR-KARE, INC",1092 SE CENTENNIAL ST,BEND,OR,97702.0,64.36
1975,High Desert ESD,294,MIGRANT ED -  SUMMER SCHOOL,322,REPAIRS & MAINTENANCE SERVICES,LES SCHWAB TIRE CENTER,ACCT# 12-26522,BEND,OR,97701.0,56.25
1975,High Desert ESD,229,MIGRANT EDUCATION,323,VEHICLE LEASES,DEPARTMENT OF ADMIN SERVICES-MOTOR POOL,OPS- ATTN: CASHIER,SALEM,OR,,279.71
1975,High Desert ESD,229,MIGRANT EDUCATION,323,VEHICLE LEASES,DEPARTMENT OF ADMIN SERVICES-MOTOR POOL,OPS- ATTN: CASHIER,SALEM,OR,,255.52
1975,High Desert ESD,229,MIGRANT EDUCATION,323,VEHICLE LEASES,DEPARTMENT OF ADMIN SERVICES-MOTOR POOL,OPS- ATTN: CASHIER,SALEM,OR,,264.2
1975,High Desert ESD,233,PERKINS RESERVE FUND,323,VEHICLE LEASES,DEPARTMENT OF ADMIN SERVICES-MOTOR POOL,OPS- ATTN: CASHIER,SALEM,OR,,317.62
1975,High Desert ESD,233,PERKINS RESERVE FUND,323,VEHICLE LEASES,DEPARTMENT OF ADMIN SERVICES-MOTOR POOL,OPS- ATTN: CASHIER,SALEM,OR,,394.0
1975,High Desert ESD,233,PERKINS RESERVE FUND,323,VEHICLE LEASES,DEPARTMENT OF ADMIN SERVICES-MOTOR POOL,OPS- ATTN: CASHIER,SALEM,OR,,507.37
1975,High Desert ESD,233,PERKINS RESERVE FUND,323,VEHICLE LEASES,WET WILLYS CAR WASH,2180 S HIGHWAY 97,REDMOND,OR,97756.0,200.0
1975,High Desert ESD,252,HONORARIUMS,323,VEHICLE LEASES,CERRA-SC AT WINTHROP UNIV,ATTN: CHARLENE BROWN/STEWART HOUSE,ROCK HILL,SC,29733.0,211.29
1975,High Desert ESD,282,MAC - ADMINISTRATIVE CLAIMING,323,VEHICLE LEASES,DEPARTMENT OF ADMIN SERVICES-MOTOR POOL,OPS- ATTN: CASHIER,SALEM,OR,,438.56
1975,High Desert ESD,282,MAC - ADMINISTRATIVE CLAIMING,323,VEHICLE LEASES,DEPARTMENT OF ADMIN SERVICES-MOTOR POOL,OPS- ATTN: CASHIER,SALEM,OR,,397.85
1975,High Desert ESD,282,MAC - ADMINISTRATIVE CLAIMING,323,VEHICLE LEASES,DEPARTMENT OF ADMIN SERVICES-MOTOR POOL,OPS- ATTN: CASHIER,SALEM,OR,,544.73
1975,High Desert ESD,282,MAC - ADMINISTRATIVE CLAIMING,323,VEHICLE LEASES,DEPARTMENT OF ADMIN SERVICES-MOTOR POOL,OPS- ATTN: CASHIER,SALEM,OR,,146.19
1975,High Desert ESD,282,MAC - ADMINISTRATIVE CLAIMING,323,VEHICLE LEASES,DEPARTMENT OF ADMIN SERVICES-MOTOR POOL,OPS- ATTN: CASHIER,SALEM,OR,,132.62
1975,High Desert ESD,282,MAC - ADMINISTRATIVE CLAIMING,323,VEHICLE LEASES,DEPARTMENT OF ADMIN SERVICES-MOTOR POOL,OPS- ATTN: CASHIER,SALEM,OR,,181.58
1975,High Desert ESD,284,MAC - ADMINISTRATIVE CLAIMING,323,VEHICLE LEASES,DEPARTMENT OF ADMIN SERVICES-MOTOR POOL,OPS- ATTN: CASHIER,SALEM,OR,,339.0
1975,High Desert ESD,284,MAC - ADMINISTRATIVE CLAIMING,323,VEHICLE LEASES,DEPARTMENT OF ADMIN SERVICES-MOTOR POOL,OPS- ATTN: CASHIER,SALEM,OR,,339.0
1975,High Desert ESD,284,MAC - ADMINISTRATIVE CLAIMING,323,VEHICLE LEASES,DEPARTMENT OF ADMIN SERVICES-MOTOR POOL,OPS- ATTN: CASHIER,SALEM,OR,,916.44
1975,High Desert ESD,294,MIGRANT ED -  SUMMER SCHOOL,323,VEHICLE LEASES,BEND OIL COMPANY,P.O. BOX 7437,BEND,OR,97708.0,246.12
1975,High Desert ESD,294,MIGRANT ED -  SUMMER SCHOOL,323,VEHICLE LEASES,BEND OIL COMPANY,P.O. BOX 7437,BEND,OR,97708.0,119.34
1975,High Desert ESD,294,MIGRANT ED -  SUMMER SCHOOL,323,VEHICLE LEASES,BEND OIL COMPANY,P.O. BOX 7437,BEND,OR,97708.0,84.48
1975,High Desert ESD,294,MIGRANT ED -  SUMMER SCHOOL,323,VEHICLE LEASES,BEND OIL COMPANY,P.O. BOX 7437,BEND,OR,97708.0,66.13
1975,High Desert ESD,294,MIGRANT ED -  SUMMER SCHOOL,323,VEHICLE LEASES,DEPARTMENT OF ADMIN SERVICES-MOTOR POOL,OPS- ATTN: CASHIER,SALEM,OR,,3489.34
1975,High Desert ESD,294,MIGRANT ED -  SUMMER SCHOOL,323,VEHICLE LEASES,DEPARTMENT OF ADMIN SERVICES-MOTOR POOL,OPS- ATTN: CASHIER,SALEM,OR,,2599.99
1975,High Desert ESD,294,MIGRANT ED -  SUMMER SCHOOL,323,VEHICLE LEASES,DEPARTMENT OF ADMIN SERVICES-MOTOR POOL,OPS- ATTN: CASHIER,SALEM,OR,,2605.38
1975,High Desert ESD,100,ADMINISTRATION,324,BUILDING RENTALS,BEND LAPINE SCHOOL DISTRICT,520 NW WALL STREET,BEND,OR,97701.0,189.12
1975,High Desert ESD,100,ADMINISTRATION,324,BUILDING RENTALS,BEND LAPINE SCHOOL DISTRICT,520 NW WALL STREET,BEND,OR,97701.0,94.56
1975,High Desert ESD,100,ADMINISTRATION,324,BUILDING RENTALS,BEND LAPINE SCHOOL DISTRICT,520 NW WALL STREET,BEND,OR,97701.0,100.89
1975,High Desert ESD,100,ADMINISTRATION,324,BUILDING RENTALS,BEND LAPINE SCHOOL DISTRICT,520 NW WALL STREET,BEND,OR,97701.0,96.14
1975,High Desert ESD,115,INFORMATION TECHNOLOGY,324,BUILDING RENTALS,BEND LAPINE SCHOOL DISTRICT,520 NW WALL STREET,BEND,OR,97701.0,557.4
1975,High Desert ESD,115,INFORMATION TECHNOLOGY,324,BUILDING RENTALS,BEND LAPINE SCHOOL DISTRICT,520 NW WALL STREET,BEND,OR,97701.0,278.7
1975,High Desert ESD,115,INFORMATION TECHNOLOGY,324,BUILDING RENTALS,BEND LAPINE SCHOOL DISTRICT,520 NW WALL STREET,BEND,OR,97701.0,297.36
1975,High Desert ESD,115,INFORMATION TECHNOLOGY,324,BUILDING RENTALS,BEND LAPINE SCHOOL DISTRICT,520 NW WALL STREET,BEND,OR,97701.0,283.36
1975,High Desert ESD,118,ADMINISTRATIVE SERVICES,324,BUILDING RENTALS,BEND LAPINE SCHOOL DISTRICT,520 NW WALL STREET,BEND,OR,97701.0,9017.78
1975,High Desert ESD,118,ADMINISTRATIVE SERVICES,324,BUILDING RENTALS,BEND LAPINE SCHOOL DISTRICT,520 NW WALL STREET,BEND,OR,97701.0,4508.89
1975,High Desert ESD,118,ADMINISTRATIVE SERVICES,324,BUILDING RENTALS,BEND LAPINE SCHOOL DISTRICT,520 NW WALL STREET,BEND,OR,97701.0,4810.93
1975,High Desert ESD,118,ADMINISTRATIVE SERVICES,324,BUILDING RENTALS,BEND LAPINE SCHOOL DISTRICT,520 NW WALL STREET,BEND,OR,97701.0,4584.41
1975,High Desert ESD,118,ADMINISTRATIVE SERVICES,324,BUILDING RENTALS,FIRST & PENN INDUSTRIAL ACCT,P.O. BOX 8268,BEND,OR,97708.0,1075.3
1975,High Desert ESD,118,ADMINISTRATIVE SERVICES,324,BUILDING RENTALS,FIRST & PENN INDUSTRIAL ACCT,P.O. BOX 8268,BEND,OR,97708.0,1115.8
1975,High Desert ESD,118,ADMINISTRATIVE SERVICES,324,BUILDING RENTALS,FIRST & PENN INDUSTRIAL ACCT,P.O. BOX 8268,BEND,OR,97708.0,1095.55
1975,High Desert ESD,118,ADMINISTRATIVE SERVICES,324,BUILDING RENTALS,FIRST & PENN INDUSTRIAL ACCT,P.O. BOX 8268,BEND,OR,97708.0,1095.55
1975,High Desert ESD,118,ADMINISTRATIVE SERVICES,324,BUILDING RENTALS,FIRST & PENN INDUSTRIAL ACCT,P.O. BOX 8268,BEND,OR,97708.0,1095.55
1975,High Desert ESD,217,REGIONAL TECHNOLOGY CONSORTIUM,324,BUILDING RENTALS,BEND LAPINE SCHOOL DISTRICT,520 NW WALL STREET,BEND,OR,97701.0,189.12
1975,High Desert ESD,217,REGIONAL TECHNOLOGY CONSORTIUM,324,BUILDING RENTALS,BEND LAPINE SCHOOL DISTRICT,520 NW WALL STREET,BEND,OR,97701.0,94.56
1975,High Desert ESD,217,REGIONAL TECHNOLOGY CONSORTIUM,324,BUILDING RENTALS,BEND LAPINE SCHOOL DISTRICT,520 NW WALL STREET,BEND,OR,97701.0,100.89
1975,High Desert ESD,217,REGIONAL TECHNOLOGY CONSORTIUM,324,BUILDING RENTALS,BEND LAPINE SCHOOL DISTRICT,520 NW WALL STREET,BEND,OR,97701.0,96.14
1975,High Desert ESD,233,PERKINS RESERVE FUND,324,BUILDING RENTALS,STORAGE CENTRAL LLC,3925 SW 25TH PLACE #1,REDMOND,OR,97756.0,50.0
1975,High Desert ESD,250,BETTER TOGETHER,324,BUILDING RENTALS,"PKR, LLC.",1960 KINGFISHER CIRCLE,REDMOND,OR,97756.0,400.0
1975,High Desert ESD,250,BETTER TOGETHER,324,BUILDING RENTALS,"PKR, LLC.",1960 KINGFISHER CIRCLE,REDMOND,OR,97756.0,200.0
1975,High Desert ESD,263,COURAGE TO LEAD,324,BUILDING RENTALS,DESCHUTES CHILDRENS FOUNDATION,1010 NW 14TH,BEND,OR,,808.19
1975,High Desert ESD,263,COURAGE TO LEAD,324,BUILDING RENTALS,DESCHUTES CHILDRENS FOUNDATION,1010 NW 14TH,BEND,OR,,790.75
1975,High Desert ESD,263,COURAGE TO LEAD,324,BUILDING RENTALS,DESCHUTES CHILDRENS FOUNDATION,1010 NW 14TH,BEND,OR,,850.75
1975,High Desert ESD,263,COURAGE TO LEAD,324,BUILDING RENTALS,DESCHUTES CHILDRENS FOUNDATION,1010 NW 14TH,BEND,OR,,856.19
1975,High Desert ESD,263,COURAGE TO LEAD,324,BUILDING RENTALS,DESCHUTES CHILDRENS FOUNDATION,1010 NW 14TH,BEND,OR,,821.18
1975,High Desert ESD,280,MAC - ADMINISTRATIVE CLAIMING,324,BUILDING RENTALS,DESCHUTES CHILDRENS FOUNDATION,1010 NW 14TH,BEND,OR,,167.89
1975,High Desert ESD,280,MAC - ADMINISTRATIVE CLAIMING,324,BUILDING RENTALS,DESCHUTES CHILDRENS FOUNDATION,1010 NW 14TH,BEND,OR,,200.34
1975,High Desert ESD,280,MAC - ADMINISTRATIVE CLAIMING,324,BUILDING RENTALS,DESCHUTES CHILDRENS FOUNDATION,1010 NW 14TH,BEND,OR,,215.34
1975,High Desert ESD,280,MAC - ADMINISTRATIVE CLAIMING,324,BUILDING RENTALS,DESCHUTES CHILDRENS FOUNDATION,1010 NW 14TH,BEND,OR,,281.19
1975,High Desert ESD,280,MAC - ADMINISTRATIVE CLAIMING,324,BUILDING RENTALS,DESCHUTES CHILDRENS FOUNDATION,1010 NW 14TH,BEND,OR,,266.19
1975,High Desert ESD,282,MAC - ADMINISTRATIVE CLAIMING,324,BUILDING RENTALS,ALYCE HATCH CENTER,P.O. BOX 9662,BEND,OR,97708.0,1500.0
1975,High Desert ESD,282,MAC - ADMINISTRATIVE CLAIMING,324,BUILDING RENTALS,DESCHUTES CHILDRENS FOUNDATION,1010 NW 14TH,BEND,OR,,243.81
1975,High Desert ESD,282,MAC - ADMINISTRATIVE CLAIMING,324,BUILDING RENTALS,DESCHUTES CHILDRENS FOUNDATION,1010 NW 14TH,BEND,OR,,243.81
1975,High Desert ESD,282,MAC - ADMINISTRATIVE CLAIMING,324,BUILDING RENTALS,DESCHUTES CHILDRENS FOUNDATION,1010 NW 14TH,BEND,OR,,243.81
1975,High Desert ESD,282,MAC - ADMINISTRATIVE CLAIMING,324,BUILDING RENTALS,DESCHUTES CHILDRENS FOUNDATION,1010 NW 14TH,BEND,OR,,243.81
1975,High Desert ESD,118,ADMINISTRATIVE SERVICES,325,ELECTRICITY,PACIFIC POWER,PO BOX 26000,PORTLAND,OR,,85.19
1975,High Desert ESD,282,MAC - ADMINISTRATIVE CLAIMING,324,BUILDING RENTALS,DESCHUTES CHILDRENS FOUNDATION,1010 NW 14TH,BEND,OR,,243.81
1975,High Desert ESD,282,MAC - ADMINISTRATIVE CLAIMING,324,BUILDING RENTALS,JEFFERSON CO SD 509-J,445 SE BUFF STREET,MADRAS,OR,97741.0,1593.75
1975,High Desert ESD,282,MAC - ADMINISTRATIVE CLAIMING,324,BUILDING RENTALS,JEFFERSON CO SD 509-J,445 SE BUFF STREET,MADRAS,OR,97741.0,1593.75
1975,High Desert ESD,282,MAC - ADMINISTRATIVE CLAIMING,324,BUILDING RENTALS,JEFFERSON CO SD 509-J,445 SE BUFF STREET,MADRAS,OR,97741.0,1593.75
1975,High Desert ESD,282,MAC - ADMINISTRATIVE CLAIMING,324,BUILDING RENTALS,JEFFERSON CO SD 509-J,445 SE BUFF STREET,MADRAS,OR,97741.0,1593.75
1975,High Desert ESD,282,MAC - ADMINISTRATIVE CLAIMING,324,BUILDING RENTALS,JEFFERSON CO SD 509-J,445 SE BUFF STREET,MADRAS,OR,97741.0,1593.75
1975,High Desert ESD,282,MAC - ADMINISTRATIVE CLAIMING,324,BUILDING RENTALS,ALYCE HATCH CENTER,P.O. BOX 9662,BEND,OR,97708.0,500.0
1975,High Desert ESD,282,MAC - ADMINISTRATIVE CLAIMING,324,BUILDING RENTALS,DESCHUTES CHILDRENS FOUNDATION,1010 NW 14TH,BEND,OR,,81.27
1975,High Desert ESD,282,MAC - ADMINISTRATIVE CLAIMING,324,BUILDING RENTALS,DESCHUTES CHILDRENS FOUNDATION,1010 NW 14TH,BEND,OR,,81.27
1975,High Desert ESD,282,MAC - ADMINISTRATIVE CLAIMING,324,BUILDING RENTALS,DESCHUTES CHILDRENS FOUNDATION,1010 NW 14TH,BEND,OR,,81.27
1975,High Desert ESD,282,MAC - ADMINISTRATIVE CLAIMING,324,BUILDING RENTALS,DESCHUTES CHILDRENS FOUNDATION,1010 NW 14TH,BEND,OR,,81.27
1975,High Desert ESD,282,MAC - ADMINISTRATIVE CLAIMING,324,BUILDING RENTALS,DESCHUTES CHILDRENS FOUNDATION,1010 NW 14TH,BEND,OR,,81.27
1975,High Desert ESD,282,MAC - ADMINISTRATIVE CLAIMING,324,BUILDING RENTALS,JEFFERSON CO SD 509-J,445 SE BUFF STREET,MADRAS,OR,97741.0,531.25
1975,High Desert ESD,282,MAC - ADMINISTRATIVE CLAIMING,324,BUILDING RENTALS,JEFFERSON CO SD 509-J,445 SE BUFF STREET,MADRAS,OR,97741.0,531.25
1975,High Desert ESD,282,MAC - ADMINISTRATIVE CLAIMING,324,BUILDING RENTALS,JEFFERSON CO SD 509-J,445 SE BUFF STREET,MADRAS,OR,97741.0,531.25
1975,High Desert ESD,282,MAC - ADMINISTRATIVE CLAIMING,324,BUILDING RENTALS,JEFFERSON CO SD 509-J,445 SE BUFF STREET,MADRAS,OR,97741.0,531.25
1975,High Desert ESD,282,MAC - ADMINISTRATIVE CLAIMING,324,BUILDING RENTALS,JEFFERSON CO SD 509-J,445 SE BUFF STREET,MADRAS,OR,97741.0,531.25
1975,High Desert ESD,284,MAC - ADMINISTRATIVE CLAIMING,324,BUILDING RENTALS,STORAGE CENTRAL LLC,3925 SW 25TH PLACE #1,REDMOND,OR,97756.0,75.0
1975,High Desert ESD,294,MIGRANT ED -  SUMMER SCHOOL,324,BUILDING RENTALS,STORAGE CENTRAL LLC,3925 SW 25TH PLACE #1,REDMOND,OR,97756.0,535.0
1975,High Desert ESD,601,FACILITIES MAINTENANCE,324,BUILDING RENTALS,USDA FOREST SERVICE,C/O CITIBANK,LOS ANGELES,CA,,300.0
1975,High Desert ESD,601,FACILITIES MAINTENANCE,324,BUILDING RENTALS,"JUNGERS PROPERTIES, LLC",P.O. BOX 4245,PORTLAND,OR,,15089.82
1975,High Desert ESD,601,FACILITIES MAINTENANCE,324,BUILDING RENTALS,"JUNGERS PROPERTIES, LLC",P.O. BOX 4245,PORTLAND,OR,,15089.82
1975,High Desert ESD,601,FACILITIES MAINTENANCE,324,BUILDING RENTALS,"JUNGERS PROPERTIES, LLC",P.O. BOX 4245,PORTLAND,OR,,15089.82
1975,High Desert ESD,601,FACILITIES MAINTENANCE,324,BUILDING RENTALS,"JUNGERS PROPERTIES, LLC",P.O. BOX 4245,PORTLAND,OR,,15089.82
1975,High Desert ESD,601,FACILITIES MAINTENANCE,324,BUILDING RENTALS,"JUNGERS PROPERTIES, LLC",P.O. BOX 4245,PORTLAND,OR,,15089.82
1975,High Desert ESD,601,FACILITIES MAINTENANCE,324,BUILDING RENTALS,"JUNGERS PROPERTIES, LLC",P.O. BOX 4245,PORTLAND,OR,,15089.82
1975,High Desert ESD,118,ADMINISTRATIVE SERVICES,325,ELECTRICITY,PACIFIC POWER,PO BOX 26000,PORTLAND,OR,,110.74
1975,High Desert ESD,118,ADMINISTRATIVE SERVICES,325,ELECTRICITY,PACIFIC POWER,PO BOX 26000,PORTLAND,OR,,89.8
1975,High Desert ESD,118,ADMINISTRATIVE SERVICES,325,ELECTRICITY,PACIFIC POWER,PO BOX 26000,PORTLAND,OR,,98.17
1975,High Desert ESD,118,ADMINISTRATIVE SERVICES,325,ELECTRICITY,PACIFIC POWER,PO BOX 26000,PORTLAND,OR,,100.98
1975,High Desert ESD,282,MAC - ADMINISTRATIVE CLAIMING,325,ELECTRICITY,PACIFIC POWER,PO BOX 26000,PORTLAND,OR,,301.15
1975,High Desert ESD,282,MAC - ADMINISTRATIVE CLAIMING,325,ELECTRICITY,PACIFIC POWER,PO BOX 26000,PORTLAND,OR,,229.36
1975,High Desert ESD,282,MAC - ADMINISTRATIVE CLAIMING,325,ELECTRICITY,PACIFIC POWER,PO BOX 26000,PORTLAND,OR,,286.21
1975,High Desert ESD,282,MAC - ADMINISTRATIVE CLAIMING,325,ELECTRICITY,PACIFIC POWER,PO BOX 26000,PORTLAND,OR,,258.39
1975,High Desert ESD,282,MAC - ADMINISTRATIVE CLAIMING,325,ELECTRICITY,PACIFIC POWER,PO BOX 26000,PORTLAND,OR,,100.39
1975,High Desert ESD,282,MAC - ADMINISTRATIVE CLAIMING,325,ELECTRICITY,PACIFIC POWER,PO BOX 26000,PORTLAND,OR,,76.46
1975,High Desert ESD,282,MAC - ADMINISTRATIVE CLAIMING,325,ELECTRICITY,PACIFIC POWER,PO BOX 26000,PORTLAND,OR,,95.41
1975,High Desert ESD,282,MAC - ADMINISTRATIVE CLAIMING,325,ELECTRICITY,PACIFIC POWER,PO BOX 26000,PORTLAND,OR,,86.13
1975,High Desert ESD,601,FACILITIES MAINTENANCE,325,ELECTRICITY,CENTRAL ELECTRIC COOPERATIVE INC,PO BOX 846,REDMOND,OR,97756.0,577.11
1975,High Desert ESD,601,FACILITIES MAINTENANCE,325,ELECTRICITY,CENTRAL ELECTRIC COOPERATIVE INC,PO BOX 846,REDMOND,OR,97756.0,525.26
1975,High Desert ESD,601,FACILITIES MAINTENANCE,325,ELECTRICITY,CENTRAL ELECTRIC COOPERATIVE INC,PO BOX 846,REDMOND,OR,97756.0,568.58
1975,High Desert ESD,601,FACILITIES MAINTENANCE,325,ELECTRICITY,CENTRAL ELECTRIC COOPERATIVE INC,PO BOX 846,REDMOND,OR,97756.0,463.31
1975,High Desert ESD,601,FACILITIES MAINTENANCE,325,ELECTRICITY,PACIFIC POWER,PO BOX 26000,PORTLAND,OR,,758.84
1975,High Desert ESD,601,FACILITIES MAINTENANCE,325,ELECTRICITY,PACIFIC POWER,PO BOX 26000,PORTLAND,OR,,263.21
1975,High Desert ESD,601,FACILITIES MAINTENANCE,325,ELECTRICITY,PACIFIC POWER,PO BOX 26000,PORTLAND,OR,,1232.82
1975,High Desert ESD,601,FACILITIES MAINTENANCE,325,ELECTRICITY,PACIFIC POWER,PO BOX 26000,PORTLAND,OR,,837.21
1975,High Desert ESD,601,FACILITIES MAINTENANCE,325,ELECTRICITY,PACIFIC POWER,PO BOX 26000,PORTLAND,OR,,1252.18
1975,High Desert ESD,601,FACILITIES MAINTENANCE,325,ELECTRICITY,PACIFIC POWER,PO BOX 26000,PORTLAND,OR,,505.39
1975,High Desert ESD,118,ADMINISTRATIVE SERVICES,326,FUEL,CASCADE NATURAL GAS  CORP,P.O. BOX 990065,BOISE,ID,,17.78
1975,High Desert ESD,118,ADMINISTRATIVE SERVICES,326,FUEL,CASCADE NATURAL GAS  CORP,P.O. BOX 990065,BOISE,ID,,16.95
1975,High Desert ESD,118,ADMINISTRATIVE SERVICES,326,FUEL,CASCADE NATURAL GAS  CORP,P.O. BOX 990065,BOISE,ID,,17.03
1975,High Desert ESD,118,ADMINISTRATIVE SERVICES,326,FUEL,CASCADE NATURAL GAS  CORP,P.O. BOX 990065,BOISE,ID,,21.19
1975,High Desert ESD,118,ADMINISTRATIVE SERVICES,326,FUEL,CASCADE NATURAL GAS  CORP,P.O. BOX 990065,BOISE,ID,,48.44
1975,High Desert ESD,230,CARL PERKINS TITLE I,326,FUEL,"CRAWFORD, DALE",1494 NW ODEN,TERREBONNE,OR,97760.0,26.68
1975,High Desert ESD,282,MAC - ADMINISTRATIVE CLAIMING,326,FUEL,CASCADE NATURAL GAS  CORP,P.O. BOX 990065,BOISE,ID,,29.62
1975,High Desert ESD,282,MAC - ADMINISTRATIVE CLAIMING,326,FUEL,CASCADE NATURAL GAS  CORP,P.O. BOX 990065,BOISE,ID,,16.6
1975,High Desert ESD,282,MAC - ADMINISTRATIVE CLAIMING,326,FUEL,CASCADE NATURAL GAS  CORP,P.O. BOX 990065,BOISE,ID,,35.38
1975,High Desert ESD,282,MAC - ADMINISTRATIVE CLAIMING,326,FUEL,CASCADE NATURAL GAS  CORP,P.O. BOX 990065,BOISE,ID,,75.88
1975,High Desert ESD,282,MAC - ADMINISTRATIVE CLAIMING,326,FUEL,CASCADE NATURAL GAS  CORP,P.O. BOX 990065,BOISE,ID,,211.52
1975,High Desert ESD,282,MAC - ADMINISTRATIVE CLAIMING,326,FUEL,CASCADE NATURAL GAS  CORP,P.O. BOX 990065,BOISE,ID,,9.87
1975,High Desert ESD,282,MAC - ADMINISTRATIVE CLAIMING,326,FUEL,CASCADE NATURAL GAS  CORP,P.O. BOX 990065,BOISE,ID,,5.53
1975,High Desert ESD,282,MAC - ADMINISTRATIVE CLAIMING,326,FUEL,CASCADE NATURAL GAS  CORP,P.O. BOX 990065,BOISE,ID,,11.79
1975,High Desert ESD,282,MAC - ADMINISTRATIVE CLAIMING,326,FUEL,CASCADE NATURAL GAS  CORP,P.O. BOX 990065,BOISE,ID,,25.3
1975,High Desert ESD,282,MAC - ADMINISTRATIVE CLAIMING,326,FUEL,CASCADE NATURAL GAS  CORP,P.O. BOX 990065,BOISE,ID,,70.51
1975,High Desert ESD,601,FACILITIES MAINTENANCE,326,FUEL,FERRELLGAS,ACCOUNT # 85345140,DENVER,CO,,584.03
1975,High Desert ESD,601,FACILITIES MAINTENANCE,326,FUEL,FERRELLGAS,ACCOUNT # 85345140,DENVER,CO,,12.0
1975,High Desert ESD,601,FACILITIES MAINTENANCE,326,FUEL,CASCADE NATURAL GAS  CORP,P.O. BOX 990065,BOISE,ID,,4.78
1975,High Desert ESD,601,FACILITIES MAINTENANCE,326,FUEL,CASCADE NATURAL GAS  CORP,P.O. BOX 990065,BOISE,ID,,24.72
1975,High Desert ESD,601,FACILITIES MAINTENANCE,326,FUEL,CASCADE NATURAL GAS  CORP,P.O. BOX 990065,BOISE,ID,,56.93
1975,High Desert ESD,601,FACILITIES MAINTENANCE,326,FUEL,CASCADE NATURAL GAS  CORP,P.O. BOX 990065,BOISE,ID,,13.09
1975,High Desert ESD,601,FACILITIES MAINTENANCE,326,FUEL,CASCADE NATURAL GAS  CORP,P.O. BOX 990065,BOISE,ID,,117.81
1975,High Desert ESD,601,FACILITIES MAINTENANCE,326,FUEL,CASCADE NATURAL GAS  CORP,P.O. BOX 990065,BOISE,ID,,42.17
1975,High Desert ESD,601,FACILITIES MAINTENANCE,326,FUEL,CASCADE NATURAL GAS  CORP,P.O. BOX 990065,BOISE,ID,,179.3
1975,High Desert ESD,601,FACILITIES MAINTENANCE,326,FUEL,CASCADE NATURAL GAS  CORP,P.O. BOX 990065,BOISE,ID,,161.34
1975,High Desert ESD,601,FACILITIES MAINTENANCE,326,FUEL,SHELL FLEET PLUS,P.O. BOX 183019,COLUMBUS,OH,,22.11
1975,High Desert ESD,601,FACILITIES MAINTENANCE,326,FUEL,SHELL FLEET PLUS,P.O. BOX 183019,COLUMBUS,OH,,126.31
1975,High Desert ESD,601,FACILITIES MAINTENANCE,326,FUEL,SHELL FLEET PLUS,P.O. BOX 183019,COLUMBUS,OH,,141.29
1975,High Desert ESD,282,MAC - ADMINISTRATIVE CLAIMING,327,WATER AND SEWAGE,CITY OF BEND WATER DEPT,PO BOX 34533,SEATTLE,WA,,152.21
1975,High Desert ESD,282,MAC - ADMINISTRATIVE CLAIMING,327,WATER AND SEWAGE,CITY OF BEND WATER DEPT,PO BOX 34533,SEATTLE,WA,,175.14
1975,High Desert ESD,282,MAC - ADMINISTRATIVE CLAIMING,327,WATER AND SEWAGE,CITY OF BEND WATER DEPT,PO BOX 34533,SEATTLE,WA,,177.72
1975,High Desert ESD,282,MAC - ADMINISTRATIVE CLAIMING,327,WATER AND SEWAGE,CITY OF BEND WATER DEPT,PO BOX 34533,SEATTLE,WA,,167.28
1975,High Desert ESD,282,MAC - ADMINISTRATIVE CLAIMING,327,WATER AND SEWAGE,CITY OF BEND WATER DEPT,PO BOX 34533,SEATTLE,WA,,50.73
1975,High Desert ESD,282,MAC - ADMINISTRATIVE CLAIMING,327,WATER AND SEWAGE,CITY OF BEND WATER DEPT,PO BOX 34533,SEATTLE,WA,,58.37
1975,High Desert ESD,282,MAC - ADMINISTRATIVE CLAIMING,327,WATER AND SEWAGE,CITY OF BEND WATER DEPT,PO BOX 34533,SEATTLE,WA,,59.24
1975,High Desert ESD,282,MAC - ADMINISTRATIVE CLAIMING,327,WATER AND SEWAGE,CITY OF BEND WATER DEPT,PO BOX 34533,SEATTLE,WA,,55.76
1975,High Desert ESD,601,FACILITIES MAINTENANCE,327,WATER AND SEWAGE,CITY OF PRINEVILLE-WATER DEPT,P.O. BOX 3797,PORTLAND,OR,,294.72
1975,High Desert ESD,601,FACILITIES MAINTENANCE,327,WATER AND SEWAGE,CITY OF PRINEVILLE-WATER DEPT,P.O. BOX 3797,PORTLAND,OR,,194.48
1975,High Desert ESD,601,FACILITIES MAINTENANCE,327,WATER AND SEWAGE,CITY OF PRINEVILLE-WATER DEPT,P.O. BOX 3797,PORTLAND,OR,,235.65
1975,High Desert ESD,601,FACILITIES MAINTENANCE,327,WATER AND SEWAGE,CITY OF PRINEVILLE-WATER DEPT,P.O. BOX 3797,PORTLAND,OR,,171.21
1975,High Desert ESD,601,FACILITIES MAINTENANCE,327,WATER AND SEWAGE,CITY OF REDMOND,PO BOX 577,REDMOND,OR,97756.0,218.16
1975,High Desert ESD,601,FACILITIES MAINTENANCE,327,WATER AND SEWAGE,CITY OF REDMOND,PO BOX 577,REDMOND,OR,97756.0,398.01
1975,High Desert ESD,601,FACILITIES MAINTENANCE,327,WATER AND SEWAGE,CITY OF REDMOND,PO BOX 577,REDMOND,OR,97756.0,303.71
1975,High Desert ESD,601,FACILITIES MAINTENANCE,327,WATER AND SEWAGE,CITY OF REDMOND,PO BOX 577,REDMOND,OR,97756.0,274.96
1975,High Desert ESD,601,FACILITIES MAINTENANCE,327,WATER AND SEWAGE,CITY OF REDMOND,PO BOX 577,REDMOND,OR,97756.0,124.31
1975,High Desert ESD,100,ADMINISTRATION,328,GARBAGE,CROOK COUNTY LANDFILL,200 NE SECOND ST SUITE 100,PRINEVILLE,OR,97754.0,41.0
1975,High Desert ESD,100,ADMINISTRATION,328,GARBAGE,CROOK COUNTY LANDFILL,200 NE SECOND ST SUITE 100,PRINEVILLE,OR,97754.0,70.0
1975,High Desert ESD,118,ADMINISTRATIVE SERVICES,328,GARBAGE,BEND GARBAGE AND RECYCLING,PO BOX 504,BEND,OR,97709.0,16.0
1975,High Desert ESD,118,ADMINISTRATIVE SERVICES,328,GARBAGE,BEND GARBAGE AND RECYCLING,PO BOX 504,BEND,OR,97709.0,16.0
1975,High Desert ESD,282,MAC - ADMINISTRATIVE CLAIMING,328,GARBAGE,BEND GARBAGE AND RECYCLING,PO BOX 504,BEND,OR,97709.0,38.85
1975,High Desert ESD,282,MAC - ADMINISTRATIVE CLAIMING,328,GARBAGE,BEND GARBAGE AND RECYCLING,PO BOX 504,BEND,OR,97709.0,134.55
1975,High Desert ESD,282,MAC - ADMINISTRATIVE CLAIMING,328,GARBAGE,BEND GARBAGE AND RECYCLING,PO BOX 504,BEND,OR,97709.0,94.23
1975,High Desert ESD,282,MAC - ADMINISTRATIVE CLAIMING,328,GARBAGE,BEND GARBAGE AND RECYCLING,PO BOX 504,BEND,OR,97709.0,79.23
1975,High Desert ESD,282,MAC - ADMINISTRATIVE CLAIMING,328,GARBAGE,BEND GARBAGE AND RECYCLING,PO BOX 504,BEND,OR,97709.0,12.95
1975,High Desert ESD,282,MAC - ADMINISTRATIVE CLAIMING,328,GARBAGE,BEND GARBAGE AND RECYCLING,PO BOX 504,BEND,OR,97709.0,44.85
1975,High Desert ESD,282,MAC - ADMINISTRATIVE CLAIMING,328,GARBAGE,BEND GARBAGE AND RECYCLING,PO BOX 504,BEND,OR,97709.0,31.41
1975,High Desert ESD,282,MAC - ADMINISTRATIVE CLAIMING,328,GARBAGE,BEND GARBAGE AND RECYCLING,PO BOX 504,BEND,OR,97709.0,26.41
1975,High Desert ESD,601,FACILITIES MAINTENANCE,328,GARBAGE,CASCADE DISPOSAL,ACCT # 2012-91659702,LOS ANGELES,CA,,38.05
1975,High Desert ESD,601,FACILITIES MAINTENANCE,328,GARBAGE,CASCADE DISPOSAL,ACCT # 2012-91659702,LOS ANGELES,CA,,38.05
1975,High Desert ESD,601,FACILITIES MAINTENANCE,328,GARBAGE,CASCADE DISPOSAL,ACCT # 2012-91659702,LOS ANGELES,CA,,38.05
1975,High Desert ESD,601,FACILITIES MAINTENANCE,328,GARBAGE,CASCADE DISPOSAL,ACCT # 2012-91659702,LOS ANGELES,CA,,38.05
1975,High Desert ESD,601,FACILITIES MAINTENANCE,328,GARBAGE,CITY OF REDMOND,PO BOX 577,REDMOND,OR,97756.0,121.52
1975,High Desert ESD,601,FACILITIES MAINTENANCE,328,GARBAGE,CITY OF REDMOND,PO BOX 577,REDMOND,OR,97756.0,121.52
1975,High Desert ESD,601,FACILITIES MAINTENANCE,328,GARBAGE,CITY OF REDMOND,PO BOX 577,REDMOND,OR,97756.0,121.52
1975,High Desert ESD,601,FACILITIES MAINTENANCE,328,GARBAGE,CITY OF REDMOND,PO BOX 577,REDMOND,OR,97756.0,121.52
1975,High Desert ESD,601,FACILITIES MAINTENANCE,328,GARBAGE,CROOK COUNTY LANDFILL,200 NE SECOND ST SUITE 100,PRINEVILLE,OR,97754.0,25.0
1975,High Desert ESD,601,FACILITIES MAINTENANCE,328,GARBAGE,PRINEVILLE DISPOSAL INC,P.O. BOX 1468,PRINEVILLE,OR,,114.24
1975,High Desert ESD,601,FACILITIES MAINTENANCE,328,GARBAGE,PRINEVILLE DISPOSAL INC,P.O. BOX 1468,PRINEVILLE,OR,,114.24
1975,High Desert ESD,601,FACILITIES MAINTENANCE,328,GARBAGE,PRINEVILLE DISPOSAL INC,P.O. BOX 1468,PRINEVILLE,OR,,114.24
1975,High Desert ESD,601,FACILITIES MAINTENANCE,328,GARBAGE,PRINEVILLE DISPOSAL INC,P.O. BOX 1468,PRINEVILLE,OR,,114.24
1975,High Desert ESD,100,ADMINISTRATION,329,EQUIPMENT RENTALS,"RICOH USA, INC. -- DALLAS",PO BOX 650073,DALLAS,TX,75265.0,7.21
1975,High Desert ESD,100,ADMINISTRATION,329,EQUIPMENT RENTALS,"RICOH USA, INC. -- DALLAS",PO BOX 650073,DALLAS,TX,75265.0,5.31
1975,High Desert ESD,100,ADMINISTRATION,329,EQUIPMENT RENTALS,"RICOH USA, INC. -- DALLAS",PO BOX 650073,DALLAS,TX,75265.0,6.19
1975,High Desert ESD,100,ADMINISTRATION,329,EQUIPMENT RENTALS,"RICOH USA, INC. -- DALLAS",PO BOX 650073,DALLAS,TX,75265.0,11.14
1975,High Desert ESD,100,ADMINISTRATION,329,EQUIPMENT RENTALS,"RICOH USA, INC. -- DALLAS",PO BOX 650073,DALLAS,TX,75265.0,7.99
1975,High Desert ESD,100,ADMINISTRATION,329,EQUIPMENT RENTALS,"RICOH USA, INC. -- DALLAS",PO BOX 650073,DALLAS,TX,75265.0,18.27
1975,High Desert ESD,100,ADMINISTRATION,329,EQUIPMENT RENTALS,"RICOH USA, INC. -- DALLAS",PO BOX 650073,DALLAS,TX,75265.0,13.46
1975,High Desert ESD,100,ADMINISTRATION,329,EQUIPMENT RENTALS,"RICOH USA, INC. -- DALLAS",PO BOX 650073,DALLAS,TX,75265.0,15.68
1975,High Desert ESD,100,ADMINISTRATION,329,EQUIPMENT RENTALS,"RICOH USA, INC. -- DALLAS",PO BOX 650073,DALLAS,TX,75265.0,28.23
1975,High Desert ESD,100,ADMINISTRATION,329,EQUIPMENT RENTALS,"RICOH USA, INC. -- DALLAS",PO BOX 650073,DALLAS,TX,75265.0,20.24
1975,High Desert ESD,100,ADMINISTRATION,329,EQUIPMENT RENTALS,"RICOH USA, INC. -- DALLAS",PO BOX 650073,DALLAS,TX,75265.0,74.04
1975,High Desert ESD,100,ADMINISTRATION,329,EQUIPMENT RENTALS,"RICOH USA, INC. -- DALLAS",PO BOX 650073,DALLAS,TX,75265.0,54.56
1975,High Desert ESD,100,ADMINISTRATION,329,EQUIPMENT RENTALS,"RICOH USA, INC. -- DALLAS",PO BOX 650073,DALLAS,TX,75265.0,63.54
1975,High Desert ESD,100,ADMINISTRATION,329,EQUIPMENT RENTALS,"RICOH USA, INC. -- DALLAS",PO BOX 650073,DALLAS,TX,75265.0,114.41
1975,High Desert ESD,100,ADMINISTRATION,329,EQUIPMENT RENTALS,"RICOH USA, INC. -- DALLAS",PO BOX 650073,DALLAS,TX,75265.0,82.02
1975,High Desert ESD,100,ADMINISTRATION,329,EQUIPMENT RENTALS,"RICOH USA, INC. -- DALLAS",PO BOX 650073,DALLAS,TX,75265.0,26.91
1975,High Desert ESD,100,ADMINISTRATION,329,EQUIPMENT RENTALS,"RICOH USA, INC. -- DALLAS",PO BOX 650073,DALLAS,TX,75265.0,22.09
1975,High Desert ESD,100,ADMINISTRATION,329,EQUIPMENT RENTALS,"RICOH USA, INC. -- DALLAS",PO BOX 650073,DALLAS,TX,75265.0,25.24
1975,High Desert ESD,100,ADMINISTRATION,329,EQUIPMENT RENTALS,"RICOH USA, INC. -- DALLAS",PO BOX 650073,DALLAS,TX,75265.0,40.99
1975,High Desert ESD,100,ADMINISTRATION,329,EQUIPMENT RENTALS,"RICOH USA, INC. -- DALLAS",PO BOX 650073,DALLAS,TX,75265.0,29.64
1975,High Desert ESD,100,ADMINISTRATION,329,EQUIPMENT RENTALS,"RICOH USA, INC. -- DALLAS",PO BOX 650073,DALLAS,TX,75265.0,177.78
1975,High Desert ESD,100,ADMINISTRATION,329,EQUIPMENT RENTALS,"RICOH USA, INC. -- DALLAS",PO BOX 650073,DALLAS,TX,75265.0,137.46
1975,High Desert ESD,100,ADMINISTRATION,329,EQUIPMENT RENTALS,"RICOH USA, INC. -- DALLAS",PO BOX 650073,DALLAS,TX,75265.0,74.84
1975,High Desert ESD,100,ADMINISTRATION,329,EQUIPMENT RENTALS,"RICOH USA, INC. -- DALLAS",PO BOX 650073,DALLAS,TX,75265.0,163.12
1975,High Desert ESD,100,ADMINISTRATION,329,EQUIPMENT RENTALS,"RICOH USA, INC. -- DALLAS",PO BOX 650073,DALLAS,TX,75265.0,78.22
1975,High Desert ESD,100,ADMINISTRATION,329,EQUIPMENT RENTALS,"RICOH USA, INC. -- DALLAS",PO BOX 650073,DALLAS,TX,75265.0,163.12
1975,High Desert ESD,100,ADMINISTRATION,329,EQUIPMENT RENTALS,"RICOH USA, INC. -- DALLAS",PO BOX 650073,DALLAS,TX,75265.0,72.28
1975,High Desert ESD,100,ADMINISTRATION,329,EQUIPMENT RENTALS,"RICOH USA, INC. -- DALLAS",PO BOX 650073,DALLAS,TX,75265.0,133.79
1975,High Desert ESD,100,ADMINISTRATION,329,EQUIPMENT RENTALS,"RICOH USA, INC. -- DALLAS",PO BOX 650073,DALLAS,TX,75265.0,96.65
1975,High Desert ESD,100,ADMINISTRATION,329,EQUIPMENT RENTALS,"RICOH USA, INC. -- DALLAS",PO BOX 650073,DALLAS,TX,75265.0,0.48
1975,High Desert ESD,100,ADMINISTRATION,329,EQUIPMENT RENTALS,"RICOH USA, INC. -- DALLAS",PO BOX 650073,DALLAS,TX,75265.0,0.47
1975,High Desert ESD,100,ADMINISTRATION,329,EQUIPMENT RENTALS,"RICOH USA, INC. -- DALLAS",PO BOX 650073,DALLAS,TX,75265.0,0.48
1975,High Desert ESD,100,ADMINISTRATION,329,EQUIPMENT RENTALS,"RICOH USA, INC. -- DALLAS",PO BOX 650073,DALLAS,TX,75265.0,0.43
1975,High Desert ESD,100,ADMINISTRATION,329,EQUIPMENT RENTALS,"RICOH USA, INC. -- DALLAS",PO BOX 650073,DALLAS,TX,75265.0,0.44
1975,High Desert ESD,100,ADMINISTRATION,329,EQUIPMENT RENTALS,"RICOH USA, INC. -- DALLAS",PO BOX 650073,DALLAS,TX,75265.0,47.12
1975,High Desert ESD,100,ADMINISTRATION,329,EQUIPMENT RENTALS,"RICOH USA, INC. -- DALLAS",PO BOX 650073,DALLAS,TX,75265.0,34.72
1975,High Desert ESD,100,ADMINISTRATION,329,EQUIPMENT RENTALS,"RICOH USA, INC. -- DALLAS",PO BOX 650073,DALLAS,TX,75265.0,40.43
1975,High Desert ESD,100,ADMINISTRATION,329,EQUIPMENT RENTALS,"RICOH USA, INC. -- DALLAS",PO BOX 650073,DALLAS,TX,75265.0,72.81
1975,High Desert ESD,100,ADMINISTRATION,329,EQUIPMENT RENTALS,"RICOH USA, INC. -- DALLAS",PO BOX 650073,DALLAS,TX,75265.0,52.19
1975,High Desert ESD,100,ADMINISTRATION,329,EQUIPMENT RENTALS,"RICOH USA, INC. -- DALLAS",PO BOX 650073,DALLAS,TX,75265.0,37.02
1975,High Desert ESD,100,ADMINISTRATION,329,EQUIPMENT RENTALS,"RICOH USA, INC. -- DALLAS",PO BOX 650073,DALLAS,TX,75265.0,27.28
1975,High Desert ESD,100,ADMINISTRATION,329,EQUIPMENT RENTALS,"RICOH USA, INC. -- DALLAS",PO BOX 650073,DALLAS,TX,75265.0,31.77
1975,High Desert ESD,100,ADMINISTRATION,329,EQUIPMENT RENTALS,"RICOH USA, INC. -- DALLAS",PO BOX 650073,DALLAS,TX,75265.0,57.21
1975,High Desert ESD,100,ADMINISTRATION,329,EQUIPMENT RENTALS,"RICOH USA, INC. -- DALLAS",PO BOX 650073,DALLAS,TX,75265.0,41.01
1975,High Desert ESD,111,SCHOOL IMPROVEMENT,329,EQUIPMENT RENTALS,"RICOH USA, INC. -- DALLAS",PO BOX 650073,DALLAS,TX,75265.0,16.83
1975,High Desert ESD,111,SCHOOL IMPROVEMENT,329,EQUIPMENT RENTALS,"RICOH USA, INC. -- DALLAS",PO BOX 650073,DALLAS,TX,75265.0,16.85
1975,High Desert ESD,111,SCHOOL IMPROVEMENT,329,EQUIPMENT RENTALS,"RICOH USA, INC. -- DALLAS",PO BOX 650073,DALLAS,TX,75265.0,17.15
1975,High Desert ESD,111,SCHOOL IMPROVEMENT,329,EQUIPMENT RENTALS,"RICOH USA, INC. -- DALLAS",PO BOX 650073,DALLAS,TX,75265.0,15.34
1975,High Desert ESD,111,SCHOOL IMPROVEMENT,329,EQUIPMENT RENTALS,"RICOH USA, INC. -- DALLAS",PO BOX 650073,DALLAS,TX,75265.0,15.47
1975,High Desert ESD,115,INFORMATION TECHNOLOGY,329,EQUIPMENT RENTALS,"RICOH USA, INC. -- DALLAS",PO BOX 650073,DALLAS,TX,75265.0,11.06
1975,High Desert ESD,115,INFORMATION TECHNOLOGY,329,EQUIPMENT RENTALS,"RICOH USA, INC. -- DALLAS",PO BOX 650073,DALLAS,TX,75265.0,8.14
1975,High Desert ESD,115,INFORMATION TECHNOLOGY,329,EQUIPMENT RENTALS,"RICOH USA, INC. -- DALLAS",PO BOX 650073,DALLAS,TX,75265.0,9.49
1975,High Desert ESD,115,INFORMATION TECHNOLOGY,329,EQUIPMENT RENTALS,"RICOH USA, INC. -- DALLAS",PO BOX 650073,DALLAS,TX,75265.0,17.08
1975,High Desert ESD,115,INFORMATION TECHNOLOGY,329,EQUIPMENT RENTALS,"RICOH USA, INC. -- DALLAS",PO BOX 650073,DALLAS,TX,75265.0,12.25
1975,High Desert ESD,116,SUBHIRE,329,EQUIPMENT RENTALS,"RICOH USA, INC. -- DALLAS",PO BOX 650073,DALLAS,TX,75265.0,50.48
1975,High Desert ESD,116,SUBHIRE,329,EQUIPMENT RENTALS,"RICOH USA, INC. -- DALLAS",PO BOX 650073,DALLAS,TX,75265.0,37.2
1975,High Desert ESD,116,SUBHIRE,329,EQUIPMENT RENTALS,"RICOH USA, INC. -- DALLAS",PO BOX 650073,DALLAS,TX,75265.0,43.31
1975,High Desert ESD,116,SUBHIRE,329,EQUIPMENT RENTALS,"RICOH USA, INC. -- DALLAS",PO BOX 650073,DALLAS,TX,75265.0,78.01
1975,High Desert ESD,116,SUBHIRE,329,EQUIPMENT RENTALS,"RICOH USA, INC. -- DALLAS",PO BOX 650073,DALLAS,TX,75265.0,55.93
1975,High Desert ESD,118,ADMINISTRATIVE SERVICES,329,EQUIPMENT RENTALS,"RICOH USA, INC. -- DALLAS",PO BOX 650073,DALLAS,TX,75265.0,41.83
1975,High Desert ESD,118,ADMINISTRATIVE SERVICES,329,EQUIPMENT RENTALS,"RICOH USA, INC. -- DALLAS",PO BOX 650073,DALLAS,TX,75265.0,30.83
1975,High Desert ESD,118,ADMINISTRATIVE SERVICES,329,EQUIPMENT RENTALS,"RICOH USA, INC. -- DALLAS",PO BOX 650073,DALLAS,TX,75265.0,35.89
1975,High Desert ESD,267,COURAGE TO LEAD,348,NON-EMPLOYEE TRAVEL,"WILLIAMS, SEAN",11775 SW MANZANITA ST,TIGARD,OR,97223.0,10.0
1975,High Desert ESD,118,ADMINISTRATIVE SERVICES,329,EQUIPMENT RENTALS,"RICOH USA, INC. -- DALLAS",PO BOX 650073,DALLAS,TX,75265.0,64.64
1975,High Desert ESD,118,ADMINISTRATIVE SERVICES,329,EQUIPMENT RENTALS,"RICOH USA, INC. -- DALLAS",PO BOX 650073,DALLAS,TX,75265.0,46.33
1975,High Desert ESD,203,FIRST STEP PROGRAM,329,EQUIPMENT RENTALS,SYNERGY OFFICE SYSTEMS,"20350 EMPIRE BLVD, STE A1",BEND,OR,97701.0,0.15
1975,High Desert ESD,203,FIRST STEP PROGRAM,329,EQUIPMENT RENTALS,SYNERGY OFFICE SYSTEMS,"20350 EMPIRE BLVD, STE A1",BEND,OR,97701.0,0.08
1975,High Desert ESD,203,FIRST STEP PROGRAM,329,EQUIPMENT RENTALS,SYNERGY OFFICE SYSTEMS,"20350 EMPIRE BLVD, STE A1",BEND,OR,97701.0,1.39
1975,High Desert ESD,203,FIRST STEP PROGRAM,329,EQUIPMENT RENTALS,SYNERGY OFFICE SYSTEMS,"20350 EMPIRE BLVD, STE A1",BEND,OR,97701.0,1.35
1975,High Desert ESD,208,LEGAL SERVICES CONSORTIUM,329,EQUIPMENT RENTALS,"RICOH USA, INC. -- DALLAS",PO BOX 650073,DALLAS,TX,75265.0,147.83
1975,High Desert ESD,208,LEGAL SERVICES CONSORTIUM,329,EQUIPMENT RENTALS,"RICOH USA, INC. -- DALLAS",PO BOX 650073,DALLAS,TX,75265.0,108.92
1975,High Desert ESD,208,LEGAL SERVICES CONSORTIUM,329,EQUIPMENT RENTALS,"RICOH USA, INC. -- DALLAS",PO BOX 650073,DALLAS,TX,75265.0,126.85
1975,High Desert ESD,208,LEGAL SERVICES CONSORTIUM,329,EQUIPMENT RENTALS,"RICOH USA, INC. -- DALLAS",PO BOX 650073,DALLAS,TX,75265.0,228.42
1975,High Desert ESD,208,LEGAL SERVICES CONSORTIUM,329,EQUIPMENT RENTALS,"RICOH USA, INC. -- DALLAS",PO BOX 650073,DALLAS,TX,75265.0,163.75
1975,High Desert ESD,217,REGIONAL TECHNOLOGY CONSORTIUM,329,EQUIPMENT RENTALS,"RICOH USA, INC. -- DALLAS",PO BOX 650073,DALLAS,TX,75265.0,67.06
1975,High Desert ESD,217,REGIONAL TECHNOLOGY CONSORTIUM,329,EQUIPMENT RENTALS,"RICOH USA, INC. -- DALLAS",PO BOX 650073,DALLAS,TX,75265.0,65.25
1975,High Desert ESD,217,REGIONAL TECHNOLOGY CONSORTIUM,329,EQUIPMENT RENTALS,"RICOH USA, INC. -- DALLAS",PO BOX 650073,DALLAS,TX,75265.0,67.17
1975,High Desert ESD,217,REGIONAL TECHNOLOGY CONSORTIUM,329,EQUIPMENT RENTALS,"RICOH USA, INC. -- DALLAS",PO BOX 650073,DALLAS,TX,75265.0,65.7
1975,High Desert ESD,217,REGIONAL TECHNOLOGY CONSORTIUM,329,EQUIPMENT RENTALS,"RICOH USA, INC. -- DALLAS",PO BOX 650073,DALLAS,TX,75265.0,62.99
1975,High Desert ESD,226,OREGON MEXICO PARTNERSHIP,329,EQUIPMENT RENTALS,"RICOH USA, INC. -- DALLAS",PO BOX 650073,DALLAS,TX,75265.0,3.02
1975,High Desert ESD,226,OREGON MEXICO PARTNERSHIP,329,EQUIPMENT RENTALS,"RICOH USA, INC. -- DALLAS",PO BOX 650073,DALLAS,TX,75265.0,3.02
1975,High Desert ESD,226,OREGON MEXICO PARTNERSHIP,329,EQUIPMENT RENTALS,"RICOH USA, INC. -- DALLAS",PO BOX 650073,DALLAS,TX,75265.0,3.07
1975,High Desert ESD,226,OREGON MEXICO PARTNERSHIP,329,EQUIPMENT RENTALS,"RICOH USA, INC. -- DALLAS",PO BOX 650073,DALLAS,TX,75265.0,2.75
1975,High Desert ESD,226,OREGON MEXICO PARTNERSHIP,329,EQUIPMENT RENTALS,"RICOH USA, INC. -- DALLAS",PO BOX 650073,DALLAS,TX,75265.0,2.77
1975,High Desert ESD,229,MIGRANT EDUCATION,329,EQUIPMENT RENTALS,"RICOH USA, INC. -- DALLAS",PO BOX 650073,DALLAS,TX,75265.0,19.84
1975,High Desert ESD,229,MIGRANT EDUCATION,329,EQUIPMENT RENTALS,"RICOH USA, INC. -- DALLAS",PO BOX 650073,DALLAS,TX,75265.0,19.88
1975,High Desert ESD,229,MIGRANT EDUCATION,329,EQUIPMENT RENTALS,"RICOH USA, INC. -- DALLAS",PO BOX 650073,DALLAS,TX,75265.0,20.22
1975,High Desert ESD,229,MIGRANT EDUCATION,329,EQUIPMENT RENTALS,"RICOH USA, INC. -- DALLAS",PO BOX 650073,DALLAS,TX,75265.0,18.09
1975,High Desert ESD,229,MIGRANT EDUCATION,329,EQUIPMENT RENTALS,"RICOH USA, INC. -- DALLAS",PO BOX 650073,DALLAS,TX,75265.0,18.24
1975,High Desert ESD,230,CARL PERKINS TITLE I,329,EQUIPMENT RENTALS,"RICOH USA, INC. -- DALLAS",PO BOX 650073,DALLAS,TX,75265.0,57.78
1975,High Desert ESD,230,CARL PERKINS TITLE I,329,EQUIPMENT RENTALS,"RICOH USA, INC. -- DALLAS",PO BOX 650073,DALLAS,TX,75265.0,57.88
1975,High Desert ESD,230,CARL PERKINS TITLE I,329,EQUIPMENT RENTALS,"RICOH USA, INC. -- DALLAS",PO BOX 650073,DALLAS,TX,75265.0,58.89
1975,High Desert ESD,230,CARL PERKINS TITLE I,329,EQUIPMENT RENTALS,"RICOH USA, INC. -- DALLAS",PO BOX 650073,DALLAS,TX,75265.0,52.67
1975,High Desert ESD,230,CARL PERKINS TITLE I,329,EQUIPMENT RENTALS,"RICOH USA, INC. -- DALLAS",PO BOX 650073,DALLAS,TX,75265.0,53.09
1975,High Desert ESD,245,DISTRICT BILLINGS,329,EQUIPMENT RENTALS,"RICOH USA, INC. -- DALLAS",PO BOX 650073,DALLAS,TX,75265.0,1.44
1975,High Desert ESD,245,DISTRICT BILLINGS,329,EQUIPMENT RENTALS,"RICOH USA, INC. -- DALLAS",PO BOX 650073,DALLAS,TX,75265.0,1.06
1975,High Desert ESD,245,DISTRICT BILLINGS,329,EQUIPMENT RENTALS,"RICOH USA, INC. -- DALLAS",PO BOX 650073,DALLAS,TX,75265.0,1.24
1975,High Desert ESD,245,DISTRICT BILLINGS,329,EQUIPMENT RENTALS,"RICOH USA, INC. -- DALLAS",PO BOX 650073,DALLAS,TX,75265.0,2.23
1975,High Desert ESD,245,DISTRICT BILLINGS,329,EQUIPMENT RENTALS,"RICOH USA, INC. -- DALLAS",PO BOX 650073,DALLAS,TX,75265.0,1.6
1975,High Desert ESD,246,WORKSHOPS,329,EQUIPMENT RENTALS,SYNERGY OFFICE SYSTEMS,"20350 EMPIRE BLVD, STE A1",BEND,OR,97701.0,1.77
1975,High Desert ESD,246,WORKSHOPS,329,EQUIPMENT RENTALS,SYNERGY OFFICE SYSTEMS,"20350 EMPIRE BLVD, STE A1",BEND,OR,97701.0,0.9
1975,High Desert ESD,246,WORKSHOPS,329,EQUIPMENT RENTALS,SYNERGY OFFICE SYSTEMS,"20350 EMPIRE BLVD, STE A1",BEND,OR,97701.0,15.9
1975,High Desert ESD,246,WORKSHOPS,329,EQUIPMENT RENTALS,SYNERGY OFFICE SYSTEMS,"20350 EMPIRE BLVD, STE A1",BEND,OR,97701.0,15.52
1975,High Desert ESD,248,ASSISTIVE TECHNOLOGY,329,EQUIPMENT RENTALS,SYNERGY OFFICE SYSTEMS,"20350 EMPIRE BLVD, STE A1",BEND,OR,97701.0,2.76
1975,High Desert ESD,248,ASSISTIVE TECHNOLOGY,329,EQUIPMENT RENTALS,SYNERGY OFFICE SYSTEMS,"20350 EMPIRE BLVD, STE A1",BEND,OR,97701.0,1.41
1975,High Desert ESD,248,ASSISTIVE TECHNOLOGY,329,EQUIPMENT RENTALS,SYNERGY OFFICE SYSTEMS,"20350 EMPIRE BLVD, STE A1",BEND,OR,97701.0,24.83
1975,High Desert ESD,248,ASSISTIVE TECHNOLOGY,329,EQUIPMENT RENTALS,SYNERGY OFFICE SYSTEMS,"20350 EMPIRE BLVD, STE A1",BEND,OR,97701.0,24.23
1975,High Desert ESD,250,BETTER TOGETHER,329,EQUIPMENT RENTALS,SYNERGY OFFICE SYSTEMS,"20350 EMPIRE BLVD, STE A1",BEND,OR,97701.0,0.77
1975,High Desert ESD,250,BETTER TOGETHER,329,EQUIPMENT RENTALS,SYNERGY OFFICE SYSTEMS,"20350 EMPIRE BLVD, STE A1",BEND,OR,97701.0,0.39
1975,High Desert ESD,250,BETTER TOGETHER,329,EQUIPMENT RENTALS,SYNERGY OFFICE SYSTEMS,"20350 EMPIRE BLVD, STE A1",BEND,OR,97701.0,6.94
1975,High Desert ESD,250,BETTER TOGETHER,329,EQUIPMENT RENTALS,SYNERGY OFFICE SYSTEMS,"20350 EMPIRE BLVD, STE A1",BEND,OR,97701.0,6.77
1975,High Desert ESD,252,HONORARIUMS,329,EQUIPMENT RENTALS,SYNERGY OFFICE SYSTEMS,"20350 EMPIRE BLVD, STE A1",BEND,OR,97701.0,3.28
1975,High Desert ESD,252,HONORARIUMS,329,EQUIPMENT RENTALS,SYNERGY OFFICE SYSTEMS,"20350 EMPIRE BLVD, STE A1",BEND,OR,97701.0,1.66
1975,High Desert ESD,252,HONORARIUMS,329,EQUIPMENT RENTALS,SYNERGY OFFICE SYSTEMS,"20350 EMPIRE BLVD, STE A1",BEND,OR,97701.0,29.47
1975,High Desert ESD,252,HONORARIUMS,329,EQUIPMENT RENTALS,SYNERGY OFFICE SYSTEMS,"20350 EMPIRE BLVD, STE A1",BEND,OR,97701.0,28.74
1975,High Desert ESD,263,COURAGE TO LEAD,329,EQUIPMENT RENTALS,DESCHUTES CHILDRENS FOUNDATION,1010 NW 14TH,BEND,OR,,50.0
1975,High Desert ESD,263,COURAGE TO LEAD,329,EQUIPMENT RENTALS,DESCHUTES CHILDRENS FOUNDATION,1010 NW 14TH,BEND,OR,,91.75
1975,High Desert ESD,263,COURAGE TO LEAD,329,EQUIPMENT RENTALS,DESCHUTES CHILDRENS FOUNDATION,1010 NW 14TH,BEND,OR,,34.0
1975,High Desert ESD,263,COURAGE TO LEAD,329,EQUIPMENT RENTALS,DESCHUTES CHILDRENS FOUNDATION,1010 NW 14TH,BEND,OR,,23.05
1975,High Desert ESD,263,COURAGE TO LEAD,329,EQUIPMENT RENTALS,DESCHUTES CHILDRENS FOUNDATION,1010 NW 14TH,BEND,OR,,117.6
1975,High Desert ESD,263,COURAGE TO LEAD,329,EQUIPMENT RENTALS,"RICOH USA, INC. -- DALLAS",PO BOX 650073,DALLAS,TX,75265.0,162.16
1975,High Desert ESD,263,COURAGE TO LEAD,329,EQUIPMENT RENTALS,"RICOH USA, INC. -- DALLAS",PO BOX 650073,DALLAS,TX,75265.0,170.21
1975,High Desert ESD,263,COURAGE TO LEAD,329,EQUIPMENT RENTALS,"RICOH USA, INC. -- DALLAS",PO BOX 650073,DALLAS,TX,75265.0,161.03
1975,High Desert ESD,263,COURAGE TO LEAD,329,EQUIPMENT RENTALS,"RICOH USA, INC. -- DALLAS",PO BOX 650073,DALLAS,TX,75265.0,171.65
1975,High Desert ESD,263,COURAGE TO LEAD,329,EQUIPMENT RENTALS,"RICOH USA, INC. -- DALLAS",PO BOX 650073,DALLAS,TX,75265.0,163.13
1975,High Desert ESD,267,COURAGE TO LEAD,329,EQUIPMENT RENTALS,"RICOH USA, INC. -- DALLAS",PO BOX 650073,DALLAS,TX,75265.0,11.34
1975,High Desert ESD,267,COURAGE TO LEAD,329,EQUIPMENT RENTALS,"RICOH USA, INC. -- DALLAS",PO BOX 650073,DALLAS,TX,75265.0,8.36
1975,High Desert ESD,267,COURAGE TO LEAD,329,EQUIPMENT RENTALS,"RICOH USA, INC. -- DALLAS",PO BOX 650073,DALLAS,TX,75265.0,9.72
1975,High Desert ESD,267,COURAGE TO LEAD,329,EQUIPMENT RENTALS,"RICOH USA, INC. -- DALLAS",PO BOX 650073,DALLAS,TX,75265.0,17.51
1975,High Desert ESD,267,COURAGE TO LEAD,329,EQUIPMENT RENTALS,"RICOH USA, INC. -- DALLAS",PO BOX 650073,DALLAS,TX,75265.0,12.55
1975,High Desert ESD,281,MAC - ADMINISTRATIVE CLAIMING,329,EQUIPMENT RENTALS,SYNERGY OFFICE SYSTEMS,"20350 EMPIRE BLVD, STE A1",BEND,OR,97701.0,0.7
1975,High Desert ESD,281,MAC - ADMINISTRATIVE CLAIMING,329,EQUIPMENT RENTALS,SYNERGY OFFICE SYSTEMS,"20350 EMPIRE BLVD, STE A1",BEND,OR,97701.0,0.36
1975,High Desert ESD,281,MAC - ADMINISTRATIVE CLAIMING,329,EQUIPMENT RENTALS,SYNERGY OFFICE SYSTEMS,"20350 EMPIRE BLVD, STE A1",BEND,OR,97701.0,6.31
1975,High Desert ESD,281,MAC - ADMINISTRATIVE CLAIMING,329,EQUIPMENT RENTALS,SYNERGY OFFICE SYSTEMS,"20350 EMPIRE BLVD, STE A1",BEND,OR,97701.0,6.16
1975,High Desert ESD,282,MAC - ADMINISTRATIVE CLAIMING,329,EQUIPMENT RENTALS,DESCHUTES CHILDRENS FOUNDATION,1010 NW 14TH,BEND,OR,,29.1
1975,High Desert ESD,282,MAC - ADMINISTRATIVE CLAIMING,329,EQUIPMENT RENTALS,DESCHUTES CHILDRENS FOUNDATION,1010 NW 14TH,BEND,OR,,9.9
1975,High Desert ESD,282,MAC - ADMINISTRATIVE CLAIMING,329,EQUIPMENT RENTALS,DESCHUTES CHILDRENS FOUNDATION,1010 NW 14TH,BEND,OR,,11.7
1975,High Desert ESD,282,MAC - ADMINISTRATIVE CLAIMING,329,EQUIPMENT RENTALS,DESCHUTES CHILDRENS FOUNDATION,1010 NW 14TH,BEND,OR,,31.13
1975,High Desert ESD,282,MAC - ADMINISTRATIVE CLAIMING,329,EQUIPMENT RENTALS,DESCHUTES CHILDRENS FOUNDATION,1010 NW 14TH,BEND,OR,,28.13
1975,High Desert ESD,282,MAC - ADMINISTRATIVE CLAIMING,329,EQUIPMENT RENTALS,"RICOH USA, INC. -- DALLAS",PO BOX 650073,DALLAS,TX,75265.0,71.8
1975,High Desert ESD,282,MAC - ADMINISTRATIVE CLAIMING,329,EQUIPMENT RENTALS,"RICOH USA, INC. -- DALLAS",PO BOX 650073,DALLAS,TX,75265.0,805.14
1975,High Desert ESD,282,MAC - ADMINISTRATIVE CLAIMING,329,EQUIPMENT RENTALS,"RICOH USA, INC. -- DALLAS",PO BOX 650073,DALLAS,TX,75265.0,939.14
1975,High Desert ESD,282,MAC - ADMINISTRATIVE CLAIMING,329,EQUIPMENT RENTALS,"RICOH USA, INC. -- DALLAS",PO BOX 650073,DALLAS,TX,75265.0,685.65
1975,High Desert ESD,282,MAC - ADMINISTRATIVE CLAIMING,329,EQUIPMENT RENTALS,"RICOH USA, INC. -- DALLAS",PO BOX 650073,DALLAS,TX,75265.0,735.44
1975,High Desert ESD,282,MAC - ADMINISTRATIVE CLAIMING,329,EQUIPMENT RENTALS,"RICOH USA, INC. -- DALLAS",PO BOX 650073,DALLAS,TX,75265.0,124.07
1975,High Desert ESD,282,MAC - ADMINISTRATIVE CLAIMING,329,EQUIPMENT RENTALS,"RICOH USA, INC. -- DALLAS",PO BOX 650073,DALLAS,TX,75265.0,878.19
1975,High Desert ESD,282,MAC - ADMINISTRATIVE CLAIMING,329,EQUIPMENT RENTALS,"RICOH USA, INC. -- DALLAS",PO BOX 650073,DALLAS,TX,75265.0,300.9
1975,High Desert ESD,282,MAC - ADMINISTRATIVE CLAIMING,329,EQUIPMENT RENTALS,DESCHUTES CHILDRENS FOUNDATION,1010 NW 14TH,BEND,OR,,9.7
1975,High Desert ESD,282,MAC - ADMINISTRATIVE CLAIMING,329,EQUIPMENT RENTALS,DESCHUTES CHILDRENS FOUNDATION,1010 NW 14TH,BEND,OR,,3.3
1975,High Desert ESD,282,MAC - ADMINISTRATIVE CLAIMING,329,EQUIPMENT RENTALS,DESCHUTES CHILDRENS FOUNDATION,1010 NW 14TH,BEND,OR,,3.9
1975,High Desert ESD,282,MAC - ADMINISTRATIVE CLAIMING,329,EQUIPMENT RENTALS,DESCHUTES CHILDRENS FOUNDATION,1010 NW 14TH,BEND,OR,,10.37
1975,High Desert ESD,282,MAC - ADMINISTRATIVE CLAIMING,329,EQUIPMENT RENTALS,DESCHUTES CHILDRENS FOUNDATION,1010 NW 14TH,BEND,OR,,9.38
1975,High Desert ESD,282,MAC - ADMINISTRATIVE CLAIMING,329,EQUIPMENT RENTALS,"RICOH USA, INC. -- DALLAS",PO BOX 650073,DALLAS,TX,75265.0,23.94
1975,High Desert ESD,282,MAC - ADMINISTRATIVE CLAIMING,329,EQUIPMENT RENTALS,"RICOH USA, INC. -- DALLAS",PO BOX 650073,DALLAS,TX,75265.0,268.39
1975,High Desert ESD,282,MAC - ADMINISTRATIVE CLAIMING,329,EQUIPMENT RENTALS,"RICOH USA, INC. -- DALLAS",PO BOX 650073,DALLAS,TX,75265.0,313.05
1975,High Desert ESD,282,MAC - ADMINISTRATIVE CLAIMING,329,EQUIPMENT RENTALS,"RICOH USA, INC. -- DALLAS",PO BOX 650073,DALLAS,TX,75265.0,228.54
1975,High Desert ESD,282,MAC - ADMINISTRATIVE CLAIMING,329,EQUIPMENT RENTALS,"RICOH USA, INC. -- DALLAS",PO BOX 650073,DALLAS,TX,75265.0,245.17
1975,High Desert ESD,282,MAC - ADMINISTRATIVE CLAIMING,329,EQUIPMENT RENTALS,"RICOH USA, INC. -- DALLAS",PO BOX 650073,DALLAS,TX,75265.0,41.36
1975,High Desert ESD,282,MAC - ADMINISTRATIVE CLAIMING,329,EQUIPMENT RENTALS,"RICOH USA, INC. -- DALLAS",PO BOX 650073,DALLAS,TX,75265.0,292.74
1975,High Desert ESD,282,MAC - ADMINISTRATIVE CLAIMING,329,EQUIPMENT RENTALS,"RICOH USA, INC. -- DALLAS",PO BOX 650073,DALLAS,TX,75265.0,100.31
1975,High Desert ESD,284,MAC - ADMINISTRATIVE CLAIMING,329,EQUIPMENT RENTALS,"CANON FINANCIAL SERVICES, INC.",KCDA RFP#11-213,CHICAGO,IL,60693.0,230.85
1975,High Desert ESD,284,MAC - ADMINISTRATIVE CLAIMING,329,EQUIPMENT RENTALS,"CANON FINANCIAL SERVICES, INC.",KCDA RFP#11-213,CHICAGO,IL,60693.0,230.85
1975,High Desert ESD,284,MAC - ADMINISTRATIVE CLAIMING,329,EQUIPMENT RENTALS,"CANON FINANCIAL SERVICES, INC.",KCDA RFP#11-213,CHICAGO,IL,60693.0,230.85
1975,High Desert ESD,284,MAC - ADMINISTRATIVE CLAIMING,329,EQUIPMENT RENTALS,"CANON FINANCIAL SERVICES, INC.",KCDA RFP#11-213,CHICAGO,IL,60693.0,230.85
1975,High Desert ESD,284,MAC - ADMINISTRATIVE CLAIMING,329,EQUIPMENT RENTALS,"CANON FINANCIAL SERVICES, INC.",KCDA RFP#11-213,CHICAGO,IL,60693.0,230.85
1975,High Desert ESD,284,MAC - ADMINISTRATIVE CLAIMING,329,EQUIPMENT RENTALS,SYNERGY OFFICE SYSTEMS,"20350 EMPIRE BLVD, STE A1",BEND,OR,97701.0,17.07
1975,High Desert ESD,284,MAC - ADMINISTRATIVE CLAIMING,329,EQUIPMENT RENTALS,SYNERGY OFFICE SYSTEMS,"20350 EMPIRE BLVD, STE A1",BEND,OR,97701.0,8.69
1975,High Desert ESD,284,MAC - ADMINISTRATIVE CLAIMING,329,EQUIPMENT RENTALS,SYNERGY OFFICE SYSTEMS,"20350 EMPIRE BLVD, STE A1",BEND,OR,97701.0,153.52
